<?xml version="1.0" encoding="utf-8"?>
<resources>
<!-- AUTO-GENERATED -->
<string name="accept">Accept = "súhlasiť";</string>


<string name="am">AM = "dopoludnia";</string>

<string name="are_you_sure_you_want_to_delete_this_group">Are you sure you want to delete this group? = "Naozaj chcete odstrániť túto skupinu?";</string>
<string name="are_you_sure_you_want_to_invite">Naozaj chcete pozvať</string>
<string name="are_you_sure_you_want_to_leave_this_group">Naozaj chcete opustiť túto skupinu?</string>
<string name="are_you_sure_you_want_to_sign_out">Are you sure you want to sign out? = "Naozaj sa chcete odhlásiť?";</string>

<string name="be_the_first_person_to_send_a_message_to_this_group">Be the first person to send a message to this group. = "Buďte prvý, kto posiela správu do tejto skupiny.";</string>


<string name="cancel">Cancel = "Zrušiť";</string>





<string name="confirm_invitation">Potvrdenie pozvania</string>
<string name="confirm_password">Potvrdiť heslo</string>

<string name="contact_globechat">Contact GlobeChat = "Kontakt GlobeChat";</string>

<string name="create_account">Create account = "Vytvorte účet";</string>
<string name="create_group">Create Group = "vytvoriť skupinu";</string>
<string name="create_new">Create New = "Vytvor nový";</string>
<string name="create_new_group">Create New Group = "Vytvorte novú skupinu";</string>
<string name="create_new_personal_organization_group">Create new Personal Organization group = "vytvoriť novú skupinu osobných organizácií";</string>
<string name="create_organization">Vytvoriť organizáciu</string>




<string name="title_dashboard">Tabuľu</string>
<string name="decline">Decline = "pokles";</string>
<string name="delete">Odstrániť</string>
<string name="delete_group">Odstrániť skupinu</string>
<string name="do_you_want_to_accept">Do you want to accept? = "Chcete prijať?";</string>


<string name="enter_a_name_for_your_new_group">Enter a name for your new group = "Zadajte názov novej skupiny";</string>
<string name="enter_a_name_for_your_new_organization">Enter a name for your new organization = "Zadajte názov vašej novej organizácie";</string>
<string name="enter_the_email_you_signed_up_with_or_the_email_address_you_want_to_sign_up_with">Enter the email you signed up with, or the email address you want to sign up with. = "Zadajte e-mail, s ktorým ste sa zaregistrovali, alebo e-mailovú adresu, ktorú chcete zaregistrovať.";</string>
<string name="enter_your_password_to_sign_in_to_globechat__if_this_is_not_you_or_you_want_to_sign_in_as_a_different_user">Enter your password to sign in to GlobeChat.  If this is not you or you want to sign in as a different user = "Zadajte heslo na prihlásenie. Ak to nie je vy alebo sa chcete prihlásiť ako iný používateľ";</string>
<string name="enter_your_password_to_sign_in_to_globechat__if_this_is_not_you_or_you_want_to_sign_in_as_a_different_user_tap_here">Enter your password to sign in to GlobeChat.  If this is not you or you want to sign in as a different user, tap here. = "Zadajte heslo na prihlásenie. Ak to nie je vy alebo sa chcete prihlásiť ako iný používateľ, ťuknite sem.";</string>





<string name="filter_members">Filtrovať členov</string>

<string name="first_name">First name = "Krstné meno";</string>


<string name="get_started">Get Started = "Začať";</string>
<string name="app_name"></string>
<string name="globechat_users">GlobeChat Users = "Používatelia GlobeChat";</string>
<string name="great_no_one_has_signed_up_with">Great! No one has signed up with = "Skvelé! Nikto sa neprihlásil";</string>

<string name="group">Skupina</string>
<string name="group_members">Členovia skupiny</string>
<string name="group_name">Group Name = "Názov skupiny";</string>




<string name="title_home">Domov</string>


<string name="if_this_is_not_you_or_you_want_to_sign_in_as_a_different_user_tap_here">If this is not you or you want to sign in as a different user, tap here. = "Ak to nie ste vy, alebo sa chcete prihlásiť ako iný používateľ, klepnite tu.";</string>


<string name="in_personal_organization">In personal organization = "V osobnej organizácii";</string>

<string name="invalid_password">Invalid password = "Nesprávne heslo";</string>
<string name="invalid_username_password">Invalid username/ password = "Nesprávne užívateľské meno / heslo";</string>
<string name="invite_by_email">Pozvati putem e-pošte</string>
<string name="invite_members">Pozvať členov</string>
<string name="invited_you_to_the_group">invited you to the group = "vás pozval do skupiny";</string>
<string name="invited_you_to_the_organization">vás pozval na organizáciu</string>


<string name="join_globechat">Join GlobeChat! = "Pripojiť GlobeChat!";</string>


<string name="last_name">Last name = "Apellido";</string>

<string name="leave">Leave = "zanechať";</string>
<string name="leave_group">Opustiť skupinu</string>


<string name="lobby">Lobby = "Lobby";</string>
<string name="location">Location = "umiestnenia";</string>
<string name="log_in_to_globechat">Log in to GlobeChat! = "Prihláste sa do služby GlobeChat!";</string>
<string name="log_in_to_globechat_">Log in to GlobeChat! = "Prihláste sa do služby GlobeChat!";</string>
<string name="login_failed">Login failed = "Prihlásenie zlyhalo";</string>
<string name="logout">Logout = "Odhlásiť sa";</string>



<string name="manage_group">Manage Group = "Spravovať skupinu";</string>
<string name="manage_organization">Manage Organization = "Spravovať organizáciu";</string>
<string name="members_in_">členov v"</string>
<string name="members_in_group">Members in Group = "Členovia v skupine";</string>
<string name="members_in_organization">Members in Organization = "Členovia v organizácii";</string>
<string name="name">Name = "názov";</string>
<string name="no">No = "nie";</string>
<string name="no_pending_invitations">No pending invitations = "Žiadne čakajúce pozvánky";</string>
<string name="no_posts_yet">No posts yet. = "Zatiaľ žiadne príspevky.";</string>
<string name="no_results">No results = "Žiadne výsledky";</string>
<string name="none">None = "nikto";</string>

<string name="title_notifications">Oznámenia</string>


<string name="organization">Organization = "organizácie";</string>
<string name="organization_members">Organization Members = "Členovia organizácie";</string>
<string name="organization_name">Organization Name = "Názov organizácie";</string>

<string name="owner">Owner = "vlastník";</string>


<string name="pending_group_invitations">Pending Group Invitations = "Čakajúce pozvánky na skupinu";</string>
<string name="pending_organization_invitations">Pending Organization Invitations = "Čakajúce organizácie pozvánky";</string>


<string name="please_enter_a_password_that_is_at_least_8_characters_in_length">Please enter a password that is at least 8 characters in length. = "Zadajte heslo s dĺžkou najmenej 8 znakov.";</string>



<string name="pm">PM = "popoludní";</string>


<string name="primary_language">Primary Language = "Hlavný jazyk";</string>
<string name="privacy_policy">Privacy Policy = "Zásady ochrany osobných údajov";</string>





<string name="save">Save = "Uložiť";</string>
<string name="search_by_email_address">Search by email address = "Vyhľadávanie podľa e-mailovej adresy";</string>
<string name="search_by_name_or_email">Search by name or email = "Vyhľadávanie podľa mena alebo e-mailu";</string>
<string name="search_for_users">Search for users = "vyhľadávanie používateľov";</string>
<string name="select_group_image">Select Group Image = "Vybrať obrázok skupiny";</string>

<string name="select_language">Select language = "Zvoľ jazyk";</string>
<string name="select_languages">Select Languages = "vyberte jazyky";</string>
<string name="select_organization_image">Select organization image = "Vyberte obrázok organizácie";</string>


<string name="set_group_image_by_tapping_the_icon_above_if_you_dont_want_to_set_an_image_you_can_hit_the_save_button_to_skip_this_step">Set group image by tapping the icon above. If you don’t want to set an image, you can hit the save button to skip this step = "Nastavenie skupiny obrázok ťuknutím na ikonu vyššie. Ak nechcete nastaviť obrázok, môžete kliknúť na tlačidlo Uložiť a tento krok preskočiť";</string>
<string name="set_organization_image_by_tapping_the_icon_above_if_you_dont_want_to_set_an_image_you_can_hit_the_save_button_to_skip_this_step">Set organization image by tapping the icon above. If you don’t want to set an image, you can hit the save button to skip this step = "Nastavenie organizácie obrázok ťuknutím na ikonu vyššie. Ak nechcete nastaviť obrázok, môžete kliknúť na tlačidlo Uložiť a tento krok preskočiť";</string>

<string name="set_the_language_you_do_not_want_translated_to_your_primary_language">Set the language you do not want translated to your primary language. = "Nastavte jazyk, ktorý nechcete preložiť do primárneho jazyka.";</string>
<string name="set_the_language_you_will_use_to_send_and_receive_chat_messages">Set the language you will use to send and receive chat messages. = "Nastavte jazyk, ktorý budete používať na odosielanie a prijímanie chatových správ.";</string>



<string name="skip">Skip = "preskočiť";</string>







<string name="tap_here">tap here = "klepnite tu";</string>

<string name="terms_of_service">Terms of Service = "Podmienky služby";</string>


<string name="the_messaging_app_that_translates_into_60_languages_in_real_time">The messaging app that translates into 60+ languages in real time. = "Aplikácia na odosielanie správ, ktorá sa prekladá do 60+ jazykov v reálnom čase.";</string>


<string name="translated_from">Translated from English = "Preložené z angličtiny";</string>
<string name="translated_from_english">Translated from = "Preložené z";</string>
<string name="translated_messaging">Translated messaging. = "Preložené správy.";</string>


<string name="understood_languages">Understood Languages = "Rozumie jazyky";</string>


<string name="we_just_need_a_little_more_info_to_sign_you_up">We just need a little more info to sign you up. = "Potrebujeme len trochu viac informácií, aby sme vás podpísali.";</string>
<string name="welcome_back">Welcome back = "Vitaj späť";</string>

<string name="yes">Yes = "áno";</string>
<string name="yet__we_just_need_a_little_more_info_to_sign_you_up"></string>

<string name="you_have_been_invited_to_the_group">Boli ste pozvaní do skupiny</string>
<string name="you_have_been_invited_to_the_organization">You have been invited to the organization = "Boli ste pozvaní do organizácie";</string>

<string name="your_email_address">Your email address = "Vaša emailová adresa";</string>
<string name="your_password">Your password = "Tvoje heslo";</string>

</resources>