<?xml version="1.0" encoding="utf-8"?>
<resources>
<!-- AUTO-GENERATED -->
<string name="accept">Accept = "Chấp nhận";</string>


<string name="am">AM = "AM";</string>

<string name="are_you_sure_you_want_to_delete_this_group">Are you sure you want to delete this group? = "Bạn có chắc bạn muốn xóa bỏ nhóm này không?";</string>
<string name="are_you_sure_you_want_to_invite">Bạn có chắc bạn muốn mời</string>
<string name="are_you_sure_you_want_to_leave_this_group">Bạn có chắc muốn rời khỏi nhóm này không?</string>
<string name="are_you_sure_you_want_to_sign_out">Are you sure you want to sign out? = "Bạn có chắc bạn muốn đăng xuất không?";</string>

<string name="be_the_first_person_to_send_a_message_to_this_group">Be the first person to send a message to this group. = "Hãy là người đầu tiên gửi thư đến nhóm này.";</string>


<string name="cancel">Cancel = "Hủy bỏ";</string>





<string name="confirm_invitation">Xác nhận lời mời</string>
<string name="confirm_password">Xác nhận mật khẩu</string>

<string name="contact_globechat">Contact GlobeChat = "Liên hệ GlobeChat";</string>

<string name="create_account">Create account = "Tạo tài khoản";</string>
<string name="create_group">Create Group = "tạo nhóm";</string>
<string name="create_new">Create New = "tạo mới";</string>
<string name="create_new_group">Create New Group = "Tạo nhóm mới";</string>
<string name="create_new_personal_organization_group">Create new Personal Organization group = "Tạo nhóm tổ chức cá nhân mới";</string>
<string name="create_organization">Tạo tổ chức</string>




<string name="title_dashboard">Bảng</string>
<string name="decline">Decline = "Từ chối";</string>
<string name="delete">Xóa</string>
<string name="delete_group">Xóa nhóm</string>
<string name="do_you_want_to_accept">Do you want to accept? = "Bạn có muốn chấp nhận không?";</string>


<string name="enter_a_name_for_your_new_group">Enter a name for your new group = "Nhập tên cho nhóm mới của bạn";</string>
<string name="enter_a_name_for_your_new_organization">Enter a name for your new organization = "Nhập tên cho tổ chức mới của bạn";</string>
<string name="enter_the_email_you_signed_up_with_or_the_email_address_you_want_to_sign_up_with">Enter the email you signed up with, or the email address you want to sign up with. = "Nhập email mà bạn đã đăng ký, hoặc địa chỉ email bạn muốn đăng ký..";</string>
<string name="enter_your_password_to_sign_in_to_globechat__if_this_is_not_you_or_you_want_to_sign_in_as_a_different_user">Enter your password to sign in to GlobeChat.  If this is not you or you want to sign in as a different user = "Nhập mật khẩu của bạn để đăng nhập.  Nếu điều này không phải là bạn hoặc bạn muốn đăng nhập như là một người dùng khác nhau, hãy nhấp vào đây.";</string>
<string name="enter_your_password_to_sign_in_to_globechat__if_this_is_not_you_or_you_want_to_sign_in_as_a_different_user_tap_here">Enter your password to sign in to GlobeChat.  If this is not you or you want to sign in as a different user, tap here. = "Nhập mật khẩu của bạn để đăng nhập.  Nếu điều này không phải là bạn hoặc bạn muốn đăng nhập như là một người dùng khác nhau, hãy nhấp vào đây..";</string>





<string name="filter_members">Bộ lọc thành viên</string>

<string name="first_name">First name = "Tên";</string>


<string name="get_started">Get Started = "Hãy bắt đầu";</string>
<string name="app_name"></string>
<string name="globechat_users">GlobeChat Users = "Globechat người dùng";</string>
<string name="great_no_one_has_signed_up_with">Great! No one has signed up with = "Tuyệt quá! Chưa có ai đăng ký";</string>

<string name="group">nhóm</string>
<string name="group_members">Thành viên nhóm</string>
<string name="group_name">Group Name = "Tên nhóm";</string>




<string name="title_home">Nhà</string>


<string name="if_this_is_not_you_or_you_want_to_sign_in_as_a_different_user_tap_here">If this is not you or you want to sign in as a different user, tap here. = "Nếu điều này không phải là bạn hoặc bạn muốn đăng nhập như là một người dùng khác nhau, hãy nhấp vào đây";</string>


<string name="in_personal_organization">In personal organization = "Trong tổ chức cá nhân";</string>

<string name="invalid_password">Invalid password = "Mật khẩu không hợp lệ";</string>
<string name="invalid_username_password">Invalid username/ password = "Tên người dùng/mật khẩu không hợp lệ";</string>
<string name="invite_by_email">Mời qua email</string>
<string name="invite_members">Mời các thành viên</string>
<string name="invited_you_to_the_group">invited you to the group = "mời bạn đến nhóm";</string>
<string name="invited_you_to_the_organization">mời bạn đến tổ chức</string>


<string name="join_globechat">Join GlobeChat! = "Tham gia globechat";</string>


<string name="last_name">Last name = "Tên cuối cùng";</string>

<string name="leave">Leave = "Rời khỏi";</string>
<string name="leave_group">Rời khỏi nhóm</string>


<string name="lobby">Lobby = "Lobby";</string>
<string name="location">Location = "Vị trí";</string>
<string name="log_in_to_globechat">Log in to GlobeChat! = "Đăng nhập vào globechat";</string>
<string name="log_in_to_globechat_">Log in to GlobeChat! = "Đăng nhập vào globechat";</string>
<string name="login_failed">Login failed = "Đăng nhập thất bại";</string>
<string name="logout">Logout = "Đăng xuất";</string>



<string name="manage_group">Manage Group = "Quản lý nhóm";</string>
<string name="manage_organization">Manage Organization = "Quản lý tổ chức";</string>
<string name="members_in_">thành viên trong</string>
<string name="members_in_group">Members in Group = "Các thành viên trong nhóm";</string>
<string name="members_in_organization">Members in Organization = "Các thành viên trong tổ chức";</string>
<string name="name">Name = "Tên";</string>
<string name="no">No = "Không";</string>
<string name="no_pending_invitations">No pending invitations = "Không có lời mời chờ giải quyết";</string>
<string name="no_posts_yet">No posts yet. = "Không có bài viết nào được nêu ra.";</string>
<string name="no_results">No results = "Không có kết quả";</string>
<string name="none">None = "Không";</string>

<string name="title_notifications">Thông báo</string>


<string name="organization">Organization = "cơ quan";</string>
<string name="organization_members">Organization Members = "Thành viên tổ chức";</string>
<string name="organization_name">Organization Name = "Tên tổ chức";</string>

<string name="owner">Owner = "Chủ sở hữu";</string>


<string name="pending_group_invitations">Pending Group Invitations = "Lời mời chờ nhóm";</string>
<string name="pending_organization_invitations">Pending Organization Invitations = "Chờ lời mời tổ chức";</string>


<string name="please_enter_a_password_that_is_at_least_8_characters_in_length">Please enter a password that is at least 8 characters in length. = "Vui lòng nhập mật khẩu ít nhất 8 ký tự.";</string>



<string name="pm">PM = "Am";</string>


<string name="primary_language">Primary Language = "Ngôn ngữ chính";</string>
<string name="privacy_policy">Privacy Policy = "Chính sách bảo mật";</string>





<string name="save">Save = "Lưu";</string>
<string name="search_by_email_address">Search by email address = "Tìm kiếm theo địa chỉ email";</string>
<string name="search_by_name_or_email">Search by name or email = "Tìm kiếm theo tên hoặc email";</string>
<string name="search_for_users">Search for users = "tìm kiếm người dùng";</string>
<string name="select_group_image">Select Group Image = "Chọn hình ảnh nhóm";</string>

<string name="select_language">Select language = "Chọn ngôn ngữ";</string>
<string name="select_languages">Select Languages = "Chọn ngôn ngữ";</string>
<string name="select_organization_image">Select organization image = "Chọn hình ảnh tổ chức";</string>


<string name="set_group_image_by_tapping_the_icon_above_if_you_dont_want_to_set_an_image_you_can_hit_the_save_button_to_skip_this_step">Set group image by tapping the icon above. If you don\'t want to set an image, you can hit the save button to skip this step = "Đặt hình ảnh nhóm bằng cách gõ biểu tượng ở trên. Nếu bạn không muốn thiết lập một hình ảnh, bạn có thể nhấn nút Save để bỏ qua bước này";</string>
<string name="set_organization_image_by_tapping_the_icon_above_if_you_dont_want_to_set_an_image_you_can_hit_the_save_button_to_skip_this_step">Set organization image by tapping the icon above. If you don\'t want to set an image, you can hit the save button to skip this step = "Đặt hình ảnh tổ chức bằng cách gõ biểu tượng ở trên. Nếu bạn không muốn thiết lập một hình ảnh, bạn có thể nhấn nút Save để bỏ qua bước này";</string>

<string name="set_the_language_you_do_not_want_translated_to_your_primary_language">Set the language you do not want translated to your primary language. = "Đặt ngôn ngữ bạn không muốn dịch sang ngôn ngữ chính của bạn.";</string>
<string name="set_the_language_you_will_use_to_send_and_receive_chat_messages">Set the language you will use to send and receive chat messages. = "Cài ngôn ngữ bạn sẽ sử dụng để gửi và nhận tin nhắn trò chuyện.";</string>



<string name="skip">Skip = "Chuyển";</string>







<string name="tap_here">tap here = "bấm vào đây­";</string>

<string name="terms_of_service">Terms of Service = "Điều khoản Dịch vụ";</string>


<string name="the_messaging_app_that_translates_into_60_languages_in_real_time">The messaging app that translates into 60+ languages in real time. = "Các ứng dụng nhắn tin mà dịch thành 60 + ngôn ngữ trong thời gian thực.";</string>


<string name="translated_from">Translated from English = "dịch từ tiếng anh";</string>
<string name="translated_from_english">Translated from = "được dịch từ";</string>
<string name="translated_messaging">Translated messaging. = "Dịch nhắn tin";</string>


<string name="understood_languages">Understood Languages = "Ngôn ngữ hiểu";</string>


<string name="we_just_need_a_little_more_info_to_sign_you_up">We just need a little more info to sign you up. = "Chúng tôi chỉ cần thêm một chút thông tin để đăng bạn lên.";</string>
<string name="welcome_back">Welcome back = "Chào mừng trở lại";</string>

<string name="yes">Yes = "Có­";</string>
<string name="yet__we_just_need_a_little_more_info_to_sign_you_up"></string>

<string name="you_have_been_invited_to_the_group">Bạn đã được mời đến nhóm</string>
<string name="you_have_been_invited_to_the_organization">You have been invited to the organization = "Bạn đã được mời đến tổ chức";</string>

<string name="your_email_address">Your email address = "Địa chỉ email của bạn";</string>
<string name="your_password">Your password = "Mật khẩu của bạn";</string>

</resources>