<?xml version="1.0" encoding="utf-8"?>
<resources>
<!-- AUTO-GENERATED -->
<string name="accept">Accept = "Подтвердить";</string>


<string name="am">AM = "Утра";</string>

<string name="are_you_sure_you_want_to_delete_this_group">Are you sure you want to delete this group? = "Вы действительно хотите удалить эту группу?";</string>
<string name="are_you_sure_you_want_to_invite">Вы действительно хотите пригласить</string>
<string name="are_you_sure_you_want_to_leave_this_group">Вы действительно хотите покинуть эту группу?</string>
<string name="are_you_sure_you_want_to_sign_out">Are you sure you want to sign out? = "Вы действительно хотите выйти?";</string>

<string name="be_the_first_person_to_send_a_message_to_this_group">Be the first person to send a message to this group. = "Отправить сообщение первым в этой группе.";</string>


<string name="cancel">Cancel = "Отмена";</string>





<string name="confirm_invitation">Подтвердите приглашение</string>
<string name="confirm_password">Подтвердить пароль</string>

<string name="contact_globechat">Contact GlobeChat = "Связаться с GlobeChat";</string>

<string name="create_account">Create account = "Создать аккаунт";</string>
<string name="create_group">Create Group = "создать группу";</string>
<string name="create_new">Create New = "создавать новое";</string>
<string name="create_new_group">Create New Group = "Создать новую группу";</string>
<string name="create_new_personal_organization_group">Create new Personal Organization group = "создать новую группу персональной организации";</string>
<string name="create_organization">Создать организацию</string>




<string name="title_dashboard">Панели мониторинга</string>
<string name="decline">Decline = "Отменить";</string>
<string name="delete">Удалить</string>
<string name="delete_group">Удалить группу</string>
<string name="do_you_want_to_accept">Do you want to accept? = "Желаете подтвердить?";</string>


<string name="enter_a_name_for_your_new_group">Enter a name for your new group = "Введите имя для новой группы";</string>
<string name="enter_a_name_for_your_new_organization">Enter a name for your new organization = "Введите название для Вашей новой организации";</string>
<string name="enter_the_email_you_signed_up_with_or_the_email_address_you_want_to_sign_up_with">Enter the email you signed up with, or the email address you want to sign up with. = "Введите e-mail, с которым Вы зарегистрировались или e-mail, с которым хотите зарегистрироваться";</string>
<string name="enter_your_password_to_sign_in_to_globechat__if_this_is_not_you_or_you_want_to_sign_in_as_a_different_user">Enter your password to sign in to GlobeChat.  If this is not you or you want to sign in as a different user = "Введите пароль для входа в GlobeChat. Если это не Вы или Вы хотите войти в качестве другого пользователя, нажмите здесь.";</string>
<string name="enter_your_password_to_sign_in_to_globechat__if_this_is_not_you_or_you_want_to_sign_in_as_a_different_user_tap_here">Enter your password to sign in to GlobeChat.  If this is not you or you want to sign in as a different user, tap here. = "Введите пароль для входа в GlobeChat. Если это не Вы или Вы хотите войти в качестве другого пользователя, нажмите здесь.";</string>





<string name="filter_members">Фильтрация элементов</string>

<string name="first_name">First name = "Имя";</string>


<string name="get_started">Get Started = "Начать";</string>
<string name="app_name"></string>
<string name="globechat_users">GlobeChat Users = "Участники GlobeChat";</string>
<string name="great_no_one_has_signed_up_with">Отлично! Никто не подписался</string>

<string name="group">группа</string>
<string name="group_members">Члены группы </string>
<string name="group_name">Group Name = "Название группы";</string>




<string name="title_home">Дома</string>


<string name="if_this_is_not_you_or_you_want_to_sign_in_as_a_different_user_tap_here">If this is not you or you want to sign in as a different user, tap here. = "Если это не Вы или Вы хотите войти как другой пользователь, нажмите здесь";</string>


<string name="in_personal_organization">In personal organization = "В\u00A0личную\u00A0организацию";</string>

<string name="invalid_password">Invalid password = "Неверный пароль";</string>
<string name="invalid_username_password">Invalid username/ password = "Неверный логин/пароль";</string>
<string name="invite_by_email">Пригласить по электронной почте</string>
<string name="invite_members">Пригласить участников</string>
<string name="invited_you_to_the_group">invited you to the group = "пригласил(а) Вас в группу";</string>
<string name="invited_you_to_the_organization">пригласили вас в организацию</string>


<string name="join_globechat">Join GlobeChat! = "Присоединяйтесь к GlobeChat!!";</string>


<string name="last_name">Last name = "Фамилия";</string>

<string name="leave">Leave = "Покинуть";</string>
<string name="leave_group">Покинуть группу</string>


<string name="lobby">Lobby = "Лобби";</string>
<string name="location">Location = "Местоположение";</string>
<string name="log_in_to_globechat">Log in to GlobeChat! = "Войти в GlobeChat!";</string>
<string name="log_in_to_globechat_">Log in to GlobeChat! = "Войти в GlobeChat!";</string>
<string name="login_failed">Login failed = "Ошибка при входе";</string>
<string name="logout">Logout = "Выйти";</string>



<string name="manage_group">Manage Group = "Управление группой";</string>
<string name="manage_organization">Manage Organization = "Управление организацией";</string>
<string name="members_in_">членов в</string>
<string name="members_in_group">Members in Group = "Участники группы";</string>
<string name="members_in_organization">Members in Organization = "Члены Организации";</string>
<string name="name">Name = "Имя";</string>
<string name="no">No = "Нет";</string>
<string name="no_pending_invitations">No pending invitations = "Нет ожидающих приглашений";</string>
<string name="no_posts_yet">No posts yet. = "Нет публикаций";</string>
<string name="no_results">No results = "нет результатов";</string>
<string name="none">None = "Никакой";</string>

<string name="title_notifications">Уведомления</string>


<string name="organization">Organization = "организация";</string>
<string name="organization_members">Organization Members = "Члены Организации";</string>
<string name="organization_name">Organization Name = "Название организации";</string>

<string name="owner">Owner = "владелец";</string>


<string name="pending_group_invitations">Pending Group Invitations = "Ожидающие приглашения группы";</string>
<string name="pending_organization_invitations">Pending Organization Invitations = "Ожидающие приглашения в организацию";</string>


<string name="please_enter_a_password_that_is_at_least_8_characters_in_length">Please enter a password that is at least 8 characters in length. = "Пожалуста, введите пароль длиной как минимум 8 символов";</string>



<string name="pm">PM = "Вечера";</string>


<string name="primary_language">Primary Language = "основной язык";</string>
<string name="privacy_policy">Privacy Policy = "Политика конфиденциальности";</string>





<string name="save">Save = "Сохранить";</string>
<string name="search_by_email_address">Search by email address = "Поиск по адресу электронной почты";</string>
<string name="search_by_name_or_email">Search by name or email = "Поиск по имени или по электронной почте";</string>
<string name="search_for_users">Search for users = "поиск пользователя";</string>
<string name="select_group_image">Select Group Image = "Выберите изображения группы";</string>

<string name="select_language">Select language = "Выбрать язык";</string>
<string name="select_languages">Select Languages = "выбрать языки";</string>
<string name="select_organization_image">Select organization image = "Выберите логотип организации";</string>


<string name="set_group_image_by_tapping_the_icon_above_if_you_dont_want_to_set_an_image_you_can_hit_the_save_button_to_skip_this_step">Set group image by tapping the icon above. If you don’t want to set an image, you can hit the save button to skip this step = "Установите изображение группы, коснувшись значка выше. Если Вы не хотите установить изображение, Вы можете нажать кнопку Сохранить, чтобы пропустить этот шаг";</string>
<string name="set_organization_image_by_tapping_the_icon_above_if_you_dont_want_to_set_an_image_you_can_hit_the_save_button_to_skip_this_step">Set organization image by tapping the icon above. If you don’t want to set an image, you can hit the save button to skip this step = "Установите изображение организации, коснувшись значка выше. Если Вы не хотите установить изображение, Вы можете нажать кнопку Сохранить, чтобы пропустить этот шаг";</string>

<string name="set_the_language_you_do_not_want_translated_to_your_primary_language">Set the language you do not want translated to your primary language. = "выберите язык, который Вы не хотите переводить на Ваш основной язык";</string>
<string name="set_the_language_you_will_use_to_send_and_receive_chat_messages">Set the language you will use to send and receive chat messages. = "выберите язык, на котором Вы будете отправлять и получать сообщения в чате";</string>



<string name="skip">Skip = "Пропустить";</string>







<string name="tap_here">tap here = "нажмите здесь";</string>

<string name="terms_of_service">Terms of Service = "Условия предоставления услуг";</string>


<string name="the_messaging_app_that_translates_into_60_languages_in_real_time">The messaging app that translates into 60+ languages in real time. = "Мессенджер, который мгновенно переводит на более, чем 60 языков";</string>


<string name="translated_from">Translated from English = "Перевести с английского";</string>
<string name="translated_from_english">Translated from = "Перевести с английского";</string>
<string name="translated_messaging">Translated messaging. = "Перевести переписку";</string>


<string name="understood_languages">Understood Languages = "языки, которые Вы понимаете";</string>


<string name="we_just_need_a_little_more_info_to_sign_you_up">We just need a little more info to sign you up. = "Нам нужно еще немного информации для Вашей регистрации";</string>
<string name="welcome_back">Welcome back = "Добро пожаловать обратно";</string>

<string name="yes">Yes = "Да";</string>
<string name="yet__we_just_need_a_little_more_info_to_sign_you_up"></string>

<string name="you_have_been_invited_to_the_group">Вы были приглашены в группу</string>
<string name="you_have_been_invited_to_the_organization">You have been invited to the organization = "Вы были приглашены в организацию";</string>

<string name="your_email_address">Your email address = "Ваш e-maіl";</string>
<string name="your_password">Your password = "Ваш пароль";</string>

</resources>