<?xml version="1.0" encoding="utf-8"?>
<resources>
<!-- AUTO-GENERATED -->
<string name="accept">Accept = "Tali \'a e";</string>


<string name="am">AM = "OKU";</string>

<string name="are_you_sure_you_want_to_delete_this_group">Are you sure you want to delete this group? = "\'Oku ke fakapapau\'i \'oku ke loto ke tamate\'i \'a e kulupu ko \'eni?";</string>
<string name="are_you_sure_you_want_to_invite">Oku ke fakapapau\'i \'oku ke fie ma\'u ke fakaafe\'i ki ai</string>
<string name="are_you_sure_you_want_to_leave_this_group">Oku ke fakapapau\'i \'oku ke fie ma\'u ke mavahe \'a e kulupu ko \'eni?</string>
<string name="are_you_sure_you_want_to_sign_out">Are you sure you want to sign out? = "\'Oku ke fakapapau\'i \'oku ke fie ma\'u ke hu ki tu\'a?";</string>

<string name="be_the_first_person_to_send_a_message_to_this_group">Be the first person to send a message to this group. = "Hoko ko e fuofua tokotaha ke ne \'oatu ha popoaki ki he kulupu ko \'eni.";</string>


<string name="cancel">Cancel = "Kaniseli";</string>





<string name="confirm_invitation">Fakapapau\'i \'a e fakaafe</string>
<string name="confirm_password">Fakapapau\'i \'a e lea fufuu</string>

<string name="contact_globechat">Contact GlobeChat = "Fetu\'utaki ki he GlobeChat";</string>

<string name="create_account">Create account = "Fa\'u ha \'akauni";</string>
<string name="create_group">Create Group = "Crear Grupo";</string>
<string name="create_new">Create New = "Crear Nuevo";</string>
<string name="create_new_group">Create New Group = "Fokotu\'u ha kulupu fo\'ou";</string>
<string name="create_new_personal_organization_group">Create new Personal Organization group = "Fokotu\'u ha kulupu fo\'ou \'o e kautaha fakatautaha";</string>
<string name="create_organization">Fokotu\'u e houalotu</string>




<string name="title_dashboard">Dashboard \'a e</string>
<string name="decline">Decline = "Holoa";</string>
<string name="delete">"Tamate\'i a e</string>
<string name="delete_group">Tamate\'i \'a e kulupu</string>
<string name="do_you_want_to_accept">Do you want to accept? = "Oku ke fie tali?";</string>


<string name="enter_a_name_for_your_new_group">Enter a name for your new group = "Fakahu ha hingoa ma\'a ho\'o kulupu fo\'ou";</string>
<string name="enter_a_name_for_your_new_organization">Enter a name for your new organization = "Fakahu ha hingoa \'o ho\'o kautaha fo\'ou";</string>
<string name="enter_the_email_you_signed_up_with_or_the_email_address_you_want_to_sign_up_with">Enter the email you signed up with, or the email address you want to sign up with. = "Fakahu e \'imeili ke fakamo\'oni \'i he, pe ko e tu\'asila \'imeili \'oku ke fie ma\'u ke hu ki";</string>
<string name="enter_your_password_to_sign_in_to_globechat__if_this_is_not_you_or_you_want_to_sign_in_as_a_different_user">Enter your password to sign in to GlobeChat.  If this is not you or you want to sign in as a different user = "Fakahu ho\'o lea fufuu ke ke hu ki ai.  Kapau \'oku \'ikai ia ko ia koe pe \'oku ke fie hu ki ai ko ha tokotaha kehe, lomi\'i \'i heni";</string>
<string name="enter_your_password_to_sign_in_to_globechat__if_this_is_not_you_or_you_want_to_sign_in_as_a_different_user_tap_here">Enter your password to sign in to GlobeChat.  If this is not you or you want to sign in as a different user, tap here. = "Fakahu ho\'o lea fufuu ke ke hu ki ai.  Kapau \'oku \'ikai ia ko ia koe pe \'oku ke fie hu ki ai ko ha tokotaha kehe, lomi\'i \'i heni";</string>





<string name="filter_members">Fakahokohoko fakatatau ki he kau memipa \'o e</string>

<string name="first_name">First name = "Hingoa \'uluaki";</string>


<string name="get_started">Get Started = "Kamata leva";</string>
<string name="app_name"></string>
<string name="globechat_users">GlobeChat Users = "Kau faka\'aonga\'i \'o e GlobeChat";</string>
<string name="great_no_one_has_signed_up_with">Great! No one has signed up with = "Â¡Estupendo! Nadie se ha registrado con";</string>

<string name="group">Grupo</string>
<string name="group_members">Kau memipa \'o e kulupu</string>
<string name="group_name">Group Name = "Hingoa \'o e kulupu";</string>




<string name="title_home">Api</string>


<string name="if_this_is_not_you_or_you_want_to_sign_in_as_a_different_user_tap_here">If this is not you or you want to sign in as a different user, tap here. = "Kapau \'oku \'ikai ia ko ia koe pe \'oku ke fie hu ki ai ko ha tokotaha kehe, lomi\'i \'i heni.";</string>


<string name="in_personal_organization">In personal organization = "I he kautaha fakatautaha";</string>

<string name="invalid_password">Invalid password = "Ikai tonu \'a e lea fufuu";</string>
<string name="invalid_username_password">Invalid username/ password = "Ikai tonu e hingoa ngaue / lea fufuu";</string>
<string name="invite_by_email">Fakaafe\'i \'a e \'i-meili</string>
<string name="invite_members">Fakaafe\'i \'a e kau memipa \'o e</string>
<string name="invited_you_to_the_group">invited you to the group = "Oku fakaafe\'i koe \'e he ki he kulupu";</string>
<string name="invited_you_to_the_organization">Na\'e fakaafe\'i koe ki he houalotu \'a e</string>


<string name="join_globechat">Join GlobeChat! = "Kau GlobeChat";</string>


<string name="last_name">Last name = "Hingoa faka\'osi";</string>

<string name="leave">Leave = "Mavahe mei he";</string>
<string name="leave_group">Mavahe mei he kulupu</string>


<string name="lobby">Lobby = "Loki hu\'anga";</string>
<string name="location">Location = "Feitu\'u";</string>
<string name="log_in_to_globechat">Log in to GlobeChat! = "Hu ki he GlobeChat";</string>
<string name="log_in_to_globechat_">Log in to GlobeChat! = "Hu ki he GlobeChat";</string>
<string name="login_failed">Login failed = "Na\'e \'ikai lava \'a e login";</string>
<string name="logout">Logout = "Logout";</string>



<string name="manage_group">Manage Group = "Tokanga\'i e kulupu";</string>
<string name="manage_organization">Manage Organization = "Tokanga\'i \'a e houalotu";</string>
<string name="members_in_">Ko e kau memipa \'i he</string>
<string name="members_in_group">Members in Group = "Ko e kau memipa \'i he kulupu";</string>
<string name="members_in_organization">Members in Organization = "Kaingalotu \'i he houalotu";</string>
<string name="name">Name = "Hingoa";</string>
<string name="no">No = "\'Ikai";</string>
<string name="no_pending_invitations">No pending invitations = "Ikai \'oku kei fakatatali e ngaahi fakaafe";</string>
<string name="no_posts_yet">No posts yet. = "Ikai ha pou ka.";</string>
<string name="no_results">No results = "Ngaahi ola \'o e \'ikai ha";</string>
<string name="none">None = "Ikai";</string>

<string name="title_notifications">Ngaahi fanongonongo</string>


<string name="organization">Organization = "organizaciÃ³n";</string>
<string name="organization_members">Organization Members = "Kau memipa \'o e kautaha";</string>
<string name="organization_name">Organization Name = "Hingoa \'o e houalotu";</string>

<string name="owner">Owner = "Tokotaha \'oku \'a\'ana";</string>


<string name="pending_group_invitations">Pending Group Invitations = "Ngaahi fakaafe \'a e kulupu kei fakatatali";</string>
<string name="pending_organization_invitations">Pending Organization Invitations = "Kautaha \'oku kei fakatatali \'a e ngaahi fakaafe";</string>


<string name="please_enter_a_password_that_is_at_least_8_characters_in_length">Please enter a password that is at least 8 characters in length. = "Kataki \'o fakahu ha lea fufu \'oku he mata\'itohi \'e 8 pe lahi ange \'i he loloa";</string>



<string name="pm">PM = "PM";</string>


<string name="primary_language">Primary Language = "Lea fakafonua \'o e Palaimeli";</string>
<string name="privacy_policy">Privacy Policy = "Tu\'utu\'uni totonu fakatautaha";</string>





<string name="save">Save = "Fakahaofi";</string>
<string name="search_by_email_address">Search by email address = "Kumi \'aki e tu\'asila \'imeili";</string>
<string name="search_by_name_or_email">Search by name or email = "Kumi \'aki e hingoa pe \'imeili";</string>
<string name="search_for_users">Search for users = "Fekumi ki he kau ngaue he polokalama";</string>
<string name="select_group_image">Select Group Image = "Fili \'a e kulupu tatau";</string>

<string name="select_language">Select language = "Fili e lea fakafonua";</string>
<string name="select_languages">Select Languages = "Fili e lea fakafonua";</string>
<string name="select_organization_image">Select organization image = "Fili \'a e \'imisi \'o e houalotu";</string>


<string name="set_group_image_by_tapping_the_icon_above_if_you_dont_want_to_set_an_image_you_can_hit_the_save_button_to_skip_this_step">Set group image by tapping the icon above. If you don\'t want to set an image, you can hit the save button to skip this step = "Fokotu\'u ha kulupu \'imisi \'aki ha\'o lomi\'i \'a e \'aikoni \'i \'olunga. Kapau \'oku \'ikai ke fie ma\'u ke ke fokotu\'u ha \'imisi, \'e lava ke ke taa\'i \'a e fakahaofi button ke hiki fakalaka mei he sitepu ko \'eni";</string>
<string name="set_organization_image_by_tapping_the_icon_above_if_you_dont_want_to_set_an_image_you_can_hit_the_save_button_to_skip_this_step">Set organization image by tapping the icon above. If you don\'t want to set an image, you can hit the save button to skip this step = "Fokotu\'u \'a e \'imisi \'o e houalotu \'aki ha\'o lomi\'i \'a e \'aikoni \'i \'olunga. Kapau \'oku \'ikai ke fie ma\'u ke ke fokotu\'u ha \'imisi, \'e lava ke ke taa\'i \'a e fakahaofi button ke hiki fakalaka mei he sitepu ko \'eni";</string>

<string name="set_the_language_you_do_not_want_translated_to_your_primary_language">Set the language you do not want translated to your primary language. = "Fokotu\'u \'a e lea fakafonua \'oku \'ikai ke fie liliu ki ho\'o lea fakafonua \'i he Palaimeli";</string>
<string name="set_the_language_you_will_use_to_send_and_receive_chat_messages">Set the language you will use to send and receive chat messages. = "Fokotu\'u e lea te ke faka\'aonga\'i ke \'ave mo ma\'u \'a e ngaahi popoaki \'o e talanoa";</string>



<string name="skip">Skip = "Hiki";</string>







<string name="tap_here">tap here = "pulse aquÃ";</string>

<string name="terms_of_service">Terms of Service = "Ngaahi lea \'o e ngaue tokoni";</string>


<string name="the_messaging_app_that_translates_into_60_languages_in_real_time">The messaging app that translates into 60+ languages in real time. = "E app messaging liliu ki he 60 + lea fakafonua \'i he taimi \'o e mo\'oni.";</string>


<string name="translated_from">Translated from English = "Liliu mei he lea faka-Pilitania";</string>
<string name="translated_from_english">Translated from = "Liliu mei he lea faka-Pilitania";</string>
<string name="translated_messaging">Translated messaging. = "Liliu \'a e popoaki.";</string>


<string name="understood_languages">Understood Languages = "Mahino \'a e ngaahi lea fakafonua \'e";</string>


<string name="we_just_need_a_little_more_info_to_sign_you_up">We just need a little more info to sign you up. = "Oku fie ma\'u pe ha ki\'i fakamatala lahi ange ke ke hu koe";</string>
<string name="welcome_back">Welcome back = "Talitali lelei ki mui";</string>

<string name="yes">Yes = "\'Io";</string>
<string name="yet__we_just_need_a_little_more_info_to_sign_you_up"></string>

<string name="you_have_been_invited_to_the_group">Kuo fakaafe\'i koe ki he kulupu</string>
<string name="you_have_been_invited_to_the_organization">You have been invited to the organization = "Kuo fakaafe\'i koe ki he houalotu \'a e";</string>

<string name="your_email_address">Your email address = "Ho tu\'asila \'imeili";</string>
<string name="your_password">Your password = "Ho\'o lea fufuu";</string>

</resources>