<?xml version="1.0" encoding="utf-8"?>
<resources>
<!-- AUTO-GENERATED -->
<string name="accept">승인</string>


<string name="am">오전</string>

<string name="are_you_sure_you_want_to_delete_this_group">이 그룹을 삭제 하 시겠습니까?</string>
<string name="are_you_sure_you_want_to_invite">초대 하 시겠습니까?</string>
<string name="are_you_sure_you_want_to_leave_this_group">이 그룹을 탈퇴 하 시겠습니까?</string>
<string name="are_you_sure_you_want_to_sign_out">로그아웃 하시겠습니까?</string>

<string name="be_the_first_person_to_send_a_message_to_this_group">대화 시작하기.</string>


<string name="cancel">취소</string>





<string name="confirm_invitation">초대장 확인</string>
<string name="confirm_password">암호확인</string>

<string name="contact_globechat">문의하기</string>

<string name="create_account">계정 만들기</string>
<string name="create_group">그룹 만들기</string>
<string name="create_new">새로 만들기</string>
<string name="create_new_group">새 그룹 만들기</string>
<string name="create_new_personal_organization_group">새로운 개인용 그룹채팅방 만들기</string>
<string name="create_organization">조직 만들기</string>




<string name="title_dashboard">대시보드</string>
<string name="decline">거부</string>
<string name="delete">삭제</string>
<string name="delete_group">그룹 삭제</string>
<string name="do_you_want_to_accept">수락하시겠습니까?</string>


<string name="enter_a_name_for_your_new_group">새 그룹이름 입력</string>
<string name="enter_a_name_for_your_new_organization">새 그룹이름 입력</string>
<string name="enter_the_email_you_signed_up_with_or_the_email_address_you_want_to_sign_up_with">가입한(할) 이메일주소 입력</string>
<string name="enter_your_password_to_sign_in_to_globechat__if_this_is_not_you_or_you_want_to_sign_in_as_a_different_user">비밀번호 입력. 다른계정으로 로그인할 경우, 이곳을 누르세요.</string>
<string name="enter_your_password_to_sign_in_to_globechat__if_this_is_not_you_or_you_want_to_sign_in_as_a_different_user_tap_here">비밀번호 입력. 다른계정으로 로그인할 경우, 이곳을 누르세요.</string>





<string name="filter_members">멤버 필터링</string>

<string name="first_name">이름</string>


<string name="get_started">시작하기</string>
<string name="app_name"></string>
<string name="globechat_users">GlobeChat 사용자</string>
<string name="great_no_one_has_signed_up_with">에 가입한 사용자 없음</string>

<string name="group">그룹</string>
<string name="group_members">그룹 구성원 </string>
<string name="group_name">그룹 이름</string>




<string name="title_home">홈</string>


<string name="if_this_is_not_you_or_you_want_to_sign_in_as_a_different_user_tap_here">회원님이 아니거나, 다른 계정으로 로그인할경우 이곳 클릭</string>


<string name="in_personal_organization">개인용 그룹채팅</string>

<string name="invalid_password">유효하지 않은 비밀번호</string>
<string name="invalid_username_password">잘못된 사용자 이름 / 비밀번호</string>
<string name="invite_by_email">이메일로 초대</string>
<string name="invite_members">회원초대</string>
<string name="invited_you_to_the_group">가 회원님을 그룹에 초대하셨습니다.</string>
<string name="invited_you_to_the_organization">조직에 초대</string>


<string name="join_globechat">GlobeChat가입하기</string>


<string name="last_name">성</string>

<string name="leave">나가기</string>
<string name="leave_group">그룹 탈퇴</string>


<string name="lobby">로비</string>
<string name="location">위치</string>
<string name="log_in_to_globechat">GlobeChat에 로그인하십시오</string>
<string name="log_in_to_globechat_">GlobeChat에 로그인하십시오</string>
<string name="login_failed">로그인 실패</string>
<string name="logout">로그아웃</string>



<string name="manage_group">그룹 관리</string>
<string name="manage_organization">조직 관리</string>
<string name="members_in_">회원</string>
<string name="members_in_group">그룹 멤버</string>
<string name="members_in_organization">조직의 구성원</string>
<string name="name">이름</string>
<string name="no">아니오</string>
<string name="no_pending_invitations">보류중인 초대장 없음</string>
<string name="no_posts_yet">게시물 없음</string>
<string name="no_results">결과 없음</string>
<string name="none">없음</string>

<string name="title_notifications">알림을</string>


<string name="organization">조직</string>
<string name="organization_members">조직 구성원</string>
<string name="organization_name">그룹 이름</string>

<string name="owner">그룹장</string>


<string name="pending_group_invitations">보류 중인 그룹 초대</string>
<string name="pending_organization_invitations">보류중인 그룹 초대장</string>


<string name="please_enter_a_password_that_is_at_least_8_characters_in_length">8자 이상의 암호 입력</string>



<string name="pm">오후</string>


<string name="primary_language">주 언어</string>
<string name="privacy_policy">개인정보 취급 방침</string>





<string name="save">저장</string>
<string name="search_by_email_address">이메일 주소로 검색</string>
<string name="search_by_name_or_email">이름 또는 이메일로 검색</string>
<string name="search_for_users">사용자 검색</string>
<string name="select_group_image">그룹 이미지 선택</string>

<string name="select_language">언어 선택</string>
<string name="select_languages">언어 선택</string>
<string name="select_organization_image">그룹 이미지를 선택하십시오.</string>


<string name="set_group_image_by_tapping_the_icon_above_if_you_dont_want_to_set_an_image_you_can_hit_the_save_button_to_skip_this_step">아이콘을 탭하여 이미지 설정하기. 이미지를 설정하지 않을 경우, 저장버튼을 눌러 이 단계를 건너뛰세요.</string>
<string name="set_organization_image_by_tapping_the_icon_above_if_you_dont_want_to_set_an_image_you_can_hit_the_save_button_to_skip_this_step">이미지를 설정하지 않으려는 경우, 저장단추를 눌러 이 단계를 건너뛸 수 있습니다.</string>

<string name="set_the_language_you_do_not_want_translated_to_your_primary_language">주 언어로 번역하지않을 언어를 설정하십시오.</string>
<string name="set_the_language_you_will_use_to_send_and_receive_chat_messages">채팅 메시지를 주고 받을 때 사용할 언어를 설정하십시오.</string>



<string name="skip">건너뛰기</string>







<string name="tap_here">이곳을 탭하세요</string>

<string name="terms_of_service">서비스 약관</string>


<string name="the_messaging_app_that_translates_into_60_languages_in_real_time">60개 이상의 언어로 번역이 되는 메신저 앱</string>


<string name="translated_from">영어에서 번역된</string>
<string name="translated_from_english">에서 번역 된</string>
<string name="translated_messaging">번역된 메시지</string>


<string name="understood_languages">이해 가능한 언어</string>


<string name="we_just_need_a_little_more_info_to_sign_you_up">가입을 위한 정보가 조금 더 필요합니다!</string>
<string name="welcome_back">다시 돌아온 것을 환영합니다.</string>

<string name="yes">예</string>
<string name="yet__we_just_need_a_little_more_info_to_sign_you_up"></string>

<string name="you_have_been_invited_to_the_group">그룹에 초대 되었습니다.</string>
<string name="you_have_been_invited_to_the_organization">You have been invited to the organization = "그룹에 초대되었습니다.";</string>

<string name="your_email_address">Your email address = "귀하의 이메일 주소";</string>
<string name="your_password">비밀번호</string>

</resources>