<?xml version="1.0" encoding="utf-8"?>
<resources>
<!-- AUTO-GENERATED -->
<string name="accept">Accept = "Accept";</string>


<string name="am">AM = "AM";</string>

<string name="are_you_sure_you_want_to_delete_this_group">Are you sure you want to delete this group? = "Sigur ștergeți acest grup?";</string>
<string name="are_you_sure_you_want_to_invite">Sunteți sigur că doriți să invitați</string>
<string name="are_you_sure_you_want_to_leave_this_group">Ești sigur că vrei să părăsești acest grup?</string>
<string name="are_you_sure_you_want_to_sign_out">Are you sure you want to sign out? = "Sigur doriți să vă deconectați?";</string>

<string name="be_the_first_person_to_send_a_message_to_this_group">Be the first person to send a message to this group. = "Sé el primero en enviar un mensaje a este grupo.";</string>


<string name="cancel">Cancel = "Anula";</string>





<string name="confirm_invitation">Confirmare invitație</string>
<string name="confirm_password">Confirmare parolă</string>

<string name="contact_globechat">Contact GlobeChat = "Contactați pe GlobeChat";</string>

<string name="create_account">Create account = "creează cont";</string>
<string name="create_group">Create Group = "crea grup";</string>
<string name="create_new">Create New = "creaza nou";</string>
<string name="create_new_group">Create New Group = "Creați un grup nou";</string>
<string name="create_new_personal_organization_group">Create new Personal Organization group = "creați un nou grup de organizare personală";</string>
<string name="create_organization">Creare organizație</string>




<string name="title_dashboard">Tablou</string>
<string name="decline">Decline = "Declin";</string>
<string name="delete">Şterge</string>
<string name="delete_group">Ștergere grup</string>
<string name="do_you_want_to_accept">Do you want to accept? = "Desea aceptar?";</string>


<string name="enter_a_name_for_your_new_group">Enter a name for your new group = "Introduceți un nume pentru noul grup";</string>
<string name="enter_a_name_for_your_new_organization">Enter a name for your new organization = "Introduceți un nume pentru noua dvs. organizație";</string>
<string name="enter_the_email_you_signed_up_with_or_the_email_address_you_want_to_sign_up_with">Enter the email you signed up with, or the email address you want to sign up with. = "Introduceți e-mailul la care v-ați înscris sau adresa de e-mail la care doriți să vă înscrieți.";</string>
<string name="enter_your_password_to_sign_in_to_globechat__if_this_is_not_you_or_you_want_to_sign_in_as_a_different_user">Enter your password to sign in to GlobeChat.  If this is not you or you want to sign in as a different user = "Introdu parola pentru a te autentifica. Dacă acest lucru nu este de tine sau doriţi să vă conectaţi ca un alt utilizator, atingeţi aici.";</string>
<string name="enter_your_password_to_sign_in_to_globechat__if_this_is_not_you_or_you_want_to_sign_in_as_a_different_user_tap_here">Enter your password to sign in to GlobeChat.  If this is not you or you want to sign in as a different user, tap here. = "Introdu parola pentru a te autentifica. Dacă acest lucru nu este de tine sau doriţi să vă conectaţi ca un alt utilizator, atingeţi aici.";</string>





<string name="filter_members">Filtrare membri</string>

<string name="first_name">First name = "Nume";</string>


<string name="get_started">Get Started = "Incepe";</string>
<string name="app_name"></string>
<string name="globechat_users">GlobeChat Users = "Utilizatorii GlobeChat";</string>
<string name="great_no_one_has_signed_up_with">Great! No one has signed up with = "Grozav! Nimeni nu sa înscris";</string>

<string name="group">Grup</string>
<string name="group_members">Membrii grupului</string>
<string name="group_name">Group Name = "Nume grup";</string>




<string name="title_home">Acasă</string>


<string name="if_this_is_not_you_or_you_want_to_sign_in_as_a_different_user_tap_here">If this is not you or you want to sign in as a different user, tap here. = "Dacă nu sunteți sau doriți să vă conectați ca utilizator diferit, atingeți aici.";</string>


<string name="in_personal_organization">In personal organization = "În organizarea personală";</string>

<string name="invalid_password">Invalid password = "Parolă Invalidă";</string>
<string name="invalid_username_password">Invalid username/ password = "Nume de utilizator / parolă nevalidă";</string>
<string name="invite_by_email">Invitați prin e-mail</string>
<string name="invite_members">Invitați membrii</string>
<string name="invited_you_to_the_group">invited you to the group = "te-a invitat la grup";</string>
<string name="invited_you_to_the_organization">te-a invitat la organizație</string>


<string name="join_globechat">Join GlobeChat! = "Alăturaţi-vă GlobeChat!";</string>


<string name="last_name">Last name = "Numele de familie";</string>

<string name="leave">Leave = "Dejar grupo";</string>
<string name="leave_group">Părăsi grupul</string>


<string name="lobby">Lobby = "Hol";</string>
<string name="location">Location = "Locație";</string>
<string name="log_in_to_globechat">Log in to GlobeChat! = "Conectați-vă la GlobeChat!";</string>
<string name="log_in_to_globechat_">Log in to GlobeChat! = "Conectați-vă la GlobeChat!";</string>
<string name="login_failed">Login failed = "Autentificare esuata";</string>
<string name="logout">Logout = "Deconectare";</string>



<string name="manage_group">Manage Group = "Gestionare grup";</string>
<string name="manage_organization">Manage Organization = "Gestionare organizație";</string>
<string name="members_in_">membri în</string>
<string name="members_in_group">Members in Group = "Membrii din grup";</string>
<string name="members_in_organization">Members in Organization = "Membri în organizație";</string>
<string name="name">Name = "Nume";</string>
<string name="no">No = "nu";</string>
<string name="no_pending_invitations">No pending invitations = "Nu există invitații în așteptare";</string>
<string name="no_posts_yet">No posts yet. = "Sin publicaciones aún";</string>
<string name="no_results">No results = "Sin resultados";</string>
<string name="none">None = "Nici unul";</string>

<string name="title_notifications">Notificări</string>


<string name="organization">Organization = "organizare";</string>
<string name="organization_members">Organization Members = "Membrii organizaţiei";</string>
<string name="organization_name">Organization Name = "Numele Organizatiei";</string>

<string name="owner">Owner = "Proprietar";</string>


<string name="pending_group_invitations">Pending Group Invitations = "Invitații de grup în așteptare";</string>
<string name="pending_organization_invitations">Pending Organization Invitations = "Invitaciones pendientes";</string>


<string name="please_enter_a_password_that_is_at_least_8_characters_in_length">Please enter a password that is at least 8 characters in length. = "Introduceți o parolă cu lungimea de cel puțin 8 caractere.";</string>



<string name="pm">PM = "PM";</string>


<string name="primary_language">Primary Language = "Limba primară";</string>
<string name="privacy_policy">Privacy Policy = "Politica de confidentialitate";</string>





<string name="save">Save = "Ocolire";</string>
<string name="search_by_email_address">Search by email address = "Căutare după adresa de e-mail";</string>
<string name="search_by_name_or_email">Search by name or email = "Buscar por nombre o correo electrónico";</string>
<string name="search_for_users">Search for users = "Buscar usuarios";</string>
<string name="select_group_image">Select Group Image = "Selectare imagine grup";</string>

<string name="select_language">Select language = "Selecteaza limba";</string>
<string name="select_languages">Select Languages = "selectați limbile";</string>
<string name="select_organization_image">Select organization image = "Selectați imaginea organizației";</string>


<string name="set_group_image_by_tapping_the_icon_above_if_you_dont_want_to_set_an_image_you_can_hit_the_save_button_to_skip_this_step">Set group image by tapping the icon above. If you don’t want to set an image, you can hit the save button to skip this step = "Setați imaginea de grup atingând pictograma de mai sus. Dacă nu doriţi să setaţi o imagine, puteţi lovi butonul Save pentru a sări peste acest pas";</string>
<string name="set_organization_image_by_tapping_the_icon_above_if_you_dont_want_to_set_an_image_you_can_hit_the_save_button_to_skip_this_step">Set organization image by tapping the icon above. If you don’t want to set an image, you can hit the save button to skip this step = "Setați imaginea organizației atingând pictograma de mai sus. Dacă nu doriţi să setaţi o imagine, puteţi lovi butonul Save pentru a sări peste acest pas";</string>

<string name="set_the_language_you_do_not_want_translated_to_your_primary_language">Set the language you do not want translated to your primary language. = "Setați limba pe care nu doriți să o traduceți în limba dvs. principală.";</string>
<string name="set_the_language_you_will_use_to_send_and_receive_chat_messages">Set the language you will use to send and receive chat messages. = "Setați limba pe care o veți utiliza pentru a trimite și primi mesaje de chat.";</string>



<string name="skip">Skip = "Saltar";</string>







<string name="tap_here">tap here = "apasa aici";</string>

<string name="terms_of_service">Terms of Service = "Conditii de utilizare";</string>


<string name="the_messaging_app_that_translates_into_60_languages_in_real_time">The messaging app that translates into 60+ languages in real time. = "Aplicația de mesagerie care se traduce în 60 de limbi în timp real.";</string>


<string name="translated_from">Translated from English = "Traducere din engleză";</string>
<string name="translated_from_english">Translated from = "Traducere din";</string>
<string name="translated_messaging">Translated messaging. = "Mesaje translate.";</string>


<string name="understood_languages">Understood Languages = "Limbi înțelese";</string>


<string name="we_just_need_a_little_more_info_to_sign_you_up">We just need a little more info to sign you up. = "Avem nevoie doar de mai multe informații pentru a vă înscrie.";</string>
<string name="welcome_back">Welcome back = "Bine ai revenit";</string>

<string name="yes">Yes = "da";</string>
<string name="yet__we_just_need_a_little_more_info_to_sign_you_up"></string>

<string name="you_have_been_invited_to_the_group">Ați fost invitați la grup</string>
<string name="you_have_been_invited_to_the_organization">You have been invited to the organization = "Haz sido invitado a un grupo";</string>

<string name="your_email_address">Your email address = "adresa ta de email";</string>
<string name="your_password">Your password = "Parola dvs";</string>

</resources>