<?xml version="1.0" encoding="utf-8"?>
<resources>
<!-- AUTO-GENERATED -->
<string name="accept">Accept = "Aceptar";</string>


<string name="am">AM = "AM";</string>

<string name="are_you_sure_you_want_to_delete_this_group">Are you sure you want to delete this group? = "¿confirma que desea eliminar este grupo?";</string>
<string name="are_you_sure_you_want_to_invite">¿Está seguro de que desea invitar a</string>
<string name="are_you_sure_you_want_to_leave_this_group">¿Está seguro de que desea abandonar este grupo?</string>
<string name="are_you_sure_you_want_to_sign_out">Are you sure you want to sign out? = "¿Está seguro de que desea cerrar sesión?";</string>

<string name="be_the_first_person_to_send_a_message_to_this_group">Be the first person to send a message to this group. = "Sé el primero en enviar un mensaje a este grupo.";</string>


<string name="cancel">Cancel = "Cancelar";</string>





<string name="confirm_invitation">Confirmar invitación</string>
<string name="confirm_password">Confirmar contraseña</string>

<string name="contact_globechat">Contact GlobeChat = "Entrar en contacto GlobeChat";</string>

<string name="create_account">Create account = "Crear cuenta";</string>
<string name="create_group">Create Group = "Crear Grupo";</string>
<string name="create_new">Create New = "Crear Nuevo";</string>
<string name="create_new_group">Create New Group = "Crear nuevo grupo";</string>
<string name="create_new_personal_organization_group">Create new Personal Organization group = "Crear nuevo Grupo personal";</string>
<string name="create_organization">Crear organización</string>




<string name="title_dashboard">Tablero</string>
<string name="decline">Decline = "Declinar";</string>
<string name="delete">Eliminar</string>
<string name="delete_group">Eliminar grupo</string>
<string name="do_you_want_to_accept">Do you want to accept? = "Desea aceptar?";</string>


<string name="enter_a_name_for_your_new_group">Enter a name for your new group = "Elige un nombre para tu nuevo grupo";</string>
<string name="enter_a_name_for_your_new_organization">Enter a name for your new organization = "Elige un nombre para tu nueva organización";</string>
<string name="enter_the_email_you_signed_up_with_or_the_email_address_you_want_to_sign_up_with">Enter the email you signed up with, or the email address you want to sign up with. = "Ingrése el correo electrónico con el cual se registró o desea registrarse.";</string>
<string name="enter_your_password_to_sign_in_to_globechat__if_this_is_not_you_or_you_want_to_sign_in_as_a_different_user">Enter your password to sign in to GlobeChat.  If this is not you or you want to sign in as a different user = "Ingrese su contraseña para iniciar sesión.  Si no es usted o desea iniciar sesión como un usuario diferente";</string>
<string name="enter_your_password_to_sign_in_to_globechat__if_this_is_not_you_or_you_want_to_sign_in_as_a_different_user_tap_here">Enter your password to sign in to GlobeChat.  If this is not you or you want to sign in as a different user, tap here. = "Ingrese su contraseña para iniciar sesión.  Si no es usted o desea iniciar sesión como un usuario diferente, pulse aquí.";</string>





<string name="filter_members">Filtrar miembros</string>

<string name="first_name">First name = "Primer nombre";</string>


<string name="get_started">Get Started = "Comenzar";</string>
<string name="app_name"></string>
<string name="globechat_users">GlobeChat Users = "Usuarios de GlobeChat";</string>
<string name="great_no_one_has_signed_up_with">Great! No one has signed up with = "¡Estupendo! Nadie se ha registrado con";</string>

<string name="group">Grupo</string>
<string name="group_members">Miembros del grupo</string>
<string name="group_name">Group Name = "Nombre del grupo";</string>




<string name="title_home">Casa</string>


<string name="if_this_is_not_you_or_you_want_to_sign_in_as_a_different_user_tap_here">If this is not you or you want to sign in as a different user, tap here. = "Presiona aquí, si deseas conectarte con otra cuenta";</string>


<string name="in_personal_organization">In personal organization = "En grupo personal";</string>

<string name="invalid_password">Invalid password = "Clave incorrecta";</string>
<string name="invalid_username_password">Invalid username/ password = "Usuario/Contraseña incorrecta";</string>
<string name="invite_by_email">Invitar por correo electrónico</string>
<string name="invite_members">Invitar a miembros</string>
<string name="invited_you_to_the_group">invited you to the group = "te ha invitado al grupo";</string>
<string name="invited_you_to_the_organization">invitado a la organización</string>


<string name="join_globechat">Join GlobeChat! = "Unirse a GlobeChat!";</string>


<string name="last_name">Last name = "Apellido";</string>

<string name="leave">Leave = "Dejar grupo";</string>
<string name="leave_group">Abandonar grupo</string>


<string name="lobby">Lobby = "Vestíbulo";</string>
<string name="location">Location = "Ubicacion";</string>
<string name="log_in_to_globechat">Log in to GlobeChat! = "Iniciar sesión en GlobeChat!";</string>
<string name="log_in_to_globechat_">Log in to GlobeChat! = "Iniciar sesión en GlobeChat!";</string>
<string name="login_failed">Login failed = "Conexión fallida";</string>
<string name="logout">Logout = "Desconectar";</string>



<string name="manage_group">Manage Group = "Administrar grupo";</string>
<string name="manage_organization">Manage Organization = "Administrar organización";</string>
<string name="members_in_">Miembros del</string>
<string name="members_in_group">Members in Group = "Miembros del grupo";</string>
<string name="members_in_organization">Members in Organization = "Miembros de la Organización";</string>
<string name="name">Name = "Nombre";</string>
<string name="no">No = "No";</string>
<string name="no_pending_invitations">No pending invitations = "Sin invitaciones pendientes";</string>
<string name="no_posts_yet">No posts yet. = "Sin publicaciones aún";</string>
<string name="no_results">No results = "Sin resultados";</string>
<string name="none">None = "Nada";</string>

<string name="title_notifications">Notificaciones</string>


<string name="organization">Organization = "organización";</string>
<string name="organization_members">Organization Members = "Miembros de la organización";</string>
<string name="organization_name">Organization Name = "Nombre organizacional";</string>

<string name="owner">Owner = "Administrador";</string>


<string name="pending_group_invitations">Pending Group Invitations = "Invitaciones pendientes";</string>
<string name="pending_organization_invitations">Pending Organization Invitations = "Invitaciones pendientes";</string>


<string name="please_enter_a_password_that_is_at_least_8_characters_in_length">Please enter a password that is at least 8 characters in length. = "Por favor introduce una contraseña que tenga por lo menos 8 caracteres";</string>



<string name="pm">PM = "PM";</string>


<string name="primary_language">Primary Language = "Lenguaje Primario";</string>
<string name="privacy_policy">Privacy Policy = "Política de privacidad";</string>





<string name="save">Save = "Guardar";</string>
<string name="search_by_email_address">Search by email address = "Buscar por dirección de correo electrónico";</string>
<string name="search_by_name_or_email">Search by name or email = "Buscar por nombre o correo electrónico";</string>
<string name="search_for_users">Search for users = "Buscar usuarios";</string>
<string name="select_group_image">Select Group Image = "Seleccionar imagen de grupo";</string>

<string name="select_language">Select Language = "Seleccionar lenguaje";</string>
<string name="select_languages">Select Languages = "Seleccionar lenguajes";</string>
<string name="select_organization_image">Select organization image = "Elige imagen organizacional";</string>


<string name="set_group_image_by_tapping_the_icon_above_if_you_dont_want_to_set_an_image_you_can_hit_the_save_button_to_skip_this_step">Set group image by tapping the icon above. If you don’t want to set an image, you can hit the save button to skip this step = "Configure la imagen del grupo tocando el icono de arriba. Si no desea establecer una imagen, puede golpear el botón Guardar para omitir este paso";</string>
<string name="set_organization_image_by_tapping_the_icon_above_if_you_dont_want_to_set_an_image_you_can_hit_the_save_button_to_skip_this_step">Set organization image by tapping the icon above. If you don’t want to set an image, you can hit the save button to skip this step = "Defina la imagen de organización tocando el icono de arriba. Si no desea establecer una imagen, puede golpear el botón Guardar para omitir este paso";</string>

<string name="set_the_language_you_do_not_want_translated_to_your_primary_language">Set the language you do not want translated to your primary language. = "Fijar el lenguaje que no quieres traducir a tu lenguaje primario";</string>
<string name="set_the_language_you_will_use_to_send_and_receive_chat_messages">Set the language you will use to send and receive chat messages. = "Fijar el lenguaje que usaras para recibir y enviar mensajes";</string>



<string name="skip">Skip = "Saltar";</string>







<string name="tap_here">tap here = "pulse aquí";</string>

<string name="terms_of_service">Terms of Service = "Condiciones de servicio";</string>


<string name="the_messaging_app_that_translates_into_60_languages_in_real_time">The messaging app that translates into 60+ languages in real time. = "La aplicación de mensajería instantánea que traduce a mas de 60 idiomas en tiempo real";</string>


<string name="translated_from">Translated from English = "Traducido de Ingles";</string>
<string name="translated_from_english">Translated from = "Traducción de";</string>
<string name="translated_messaging">Translated messaging. = "Mensajes traducidos";</string>


<string name="understood_languages">Understood Languages = "Lenguajes entendidos";</string>


<string name="we_just_need_a_little_more_info_to_sign_you_up">We just need a little more info to sign you up. = "Necesitamos mas información para poder crear tu cuenta";</string>
<string name="welcome_back">Welcome back = "Bienvenido de vuelta";</string>

<string name="yes">Yes = "Sí";</string>
<string name="yet__we_just_need_a_little_more_info_to_sign_you_up"></string>

<string name="you_have_been_invited_to_the_group">Usted ha sido invitado al grupo</string>
<string name="you_have_been_invited_to_the_organization">You have been invited to the organization = "Haz sido invitado a un grupo";</string>

<string name="your_email_address">Your email address = "Correo Electrónico";</string>
<string name="your_password">Your password = "Tu contraseña";</string>

</resources>