<?xml version="1.0" encoding="utf-8"?>
<resources>
<!-- AUTO-GENERATED -->
<string name="accept">Acceptez</string>


<string name="am">a.m.</string>

<string name="are_you_sure_you_want_to_delete_this_group">Êtes-vous sûr de vouloir supprimer ce groupe?</string>
<string name="are_you_sure_you_want_to_invite">Êtes-vous sûr de vouloir inviter</string>
<string name="are_you_sure_you_want_to_leave_this_group">Etes-vous sûr de vouloir quitter ce groupe?</string>
<string name="are_you_sure_you_want_to_sign_out">Êtes-vous sûr de vouloir vous déconnecter?</string>

<string name="be_the_first_person_to_send_a_message_to_this_group">Soyez le premier à envoyer un message à ce groupe.</string>


<string name="cancel">Annuler</string>





<string name="confirm_invitation">Confirmer l\'invitation</string>
<string name="confirm_password">Confirmer le mot de passe</string>

<string name="contact_globechat">Contacter GlobeChat</string>

<string name="create_account">Créer un compte</string>
<string name="create_group">Créer un groupe</string>
<string name="create_new">Créer de nouveaux</string>
<string name="create_new_group">Créer un nouveau groupe</string>
<string name="create_new_personal_organization_group">Créer un nouveau groupe d\'organisation personnelle</string>
<string name="create_organization">Créer une organisation</string>




<string name="title_dashboard">Bord</string>
<string name="decline">Déclin</string>
<string name="delete">Supprimer</string>
<string name="delete_group">Supprimer un groupe</string>
<string name="do_you_want_to_accept">Voulez-vous accepter?</string>


<string name="enter_a_name_for_your_new_group">Entrez un nom pour votre nouveau groupe</string>
<string name="enter_a_name_for_your_new_organization">Entrez un nom pour votre nouvelle organisation</string>
<string name="enter_the_email_you_signed_up_with_or_the_email_address_you_want_to_sign_up_with">Entrez l\'adresse e-mail avec laquelle vous vous êtes inscrit ou l\'adresse e-mail avec laquelle vous souhaitez vous inscrire.</string>
<string name="enter_your_password_to_sign_in_to_globechat__if_this_is_not_you_or_you_want_to_sign_in_as_a_different_user">Saisissez votre mot de passe pour vous connecter.  Si ce n\'est pas vous ou si vous voulez vous connecter en tant qu\'utilisateur différent</string>
<string name="enter_your_password_to_sign_in_to_globechat__if_this_is_not_you_or_you_want_to_sign_in_as_a_different_user_tap_here">Saisissez votre mot de passe pour vous connecter.  Si ce n\'est pas vous ou si vous voulez vous connecter en tant qu\'utilisateur différent, appuyez ici.</string>





<string name="filter_members">Filtrer les membres</string>

<string name="first_name">Prénom</string>


<string name="get_started">Commencer</string>
<string name="app_name"></string>
<string name="globechat_users">Utilisateurs de GlobeChat</string>
<string name="great_no_one_has_signed_up_with">Grand! Personne n\'a signé avec</string>

<string name="group">Groupe</string>
<string name="group_members">Membres du groupe </string>
<string name="group_name">Nom du groupe</string>




<string name="title_home">Accueil</string>


<string name="if_this_is_not_you_or_you_want_to_sign_in_as_a_different_user_tap_here">Si ce n\'est pas vous ou si vous souhaitez vous connecter en tant qu\'utilisateur différent, appuyez ici.</string>


<string name="in_personal_organization">En organisation personnelle</string>

<string name="invalid_password">Mot de passe incorrect</string>
<string name="invalid_username_password">Nom d\'utilisateur / mot de passe invalide</string>
<string name="invite_by_email">Inviter par email</string>
<string name="invite_members">Inviter des membres</string>
<string name="invited_you_to_the_group">vous a invité au groupe</string>
<string name="invited_you_to_the_organization">vous a invité à l\'Organisation</string>


<string name="join_globechat">Rejoignez GlobeChat!</string>


<string name="last_name">Nom</string>

<string name="leave">Laisser</string>
<string name="leave_group">Quitter le groupe</string>


<string name="lobby">Hall</string>
<string name="location">Emplacement</string>
<string name="log_in_to_globechat">Connectez-vous à GlobeChat!</string>
<string name="log_in_to_globechat_">Connectez-vous à GlobeChat!</string>
<string name="login_failed">Échec de la connexion</string>
<string name="logout">Connectez - Out</string>



<string name="manage_group">Gérer le groupe</string>
<string name="manage_organization">Gérer l\'Organisation</string>
<string name="members_in_">Membres de</string>
<string name="members_in_group">Membres du groupe</string>
<string name="members_in_organization">Membres dans l\'Organisation</string>
<string name="name">prénom</string>
<string name="no">Pas</string>
<string name="no_pending_invitations">Aucune invitation en attente</string>
<string name="no_posts_yet">Pas encore de messages.</string>
<string name="no_results">Aucun résultat</string>
<string name="none">Aucun</string>

<string name="title_notifications">Notifications</string>


<string name="organization">Organisation</string>
<string name="organization_members">Membres de l\'Organisation</string>
<string name="organization_name">Nom de l\'organisation</string>

<string name="owner">Propriétaire</string>


<string name="pending_group_invitations">Invitations de groupe en attente</string>
<string name="pending_organization_invitations">Invitations d\'organisation en attente</string>


<string name="please_enter_a_password_that_is_at_least_8_characters_in_length">Veuillez entrer un mot de passe d\'au moins 8 caractères.</string>



<string name="pm">p.m.</string>


<string name="primary_language">Langue principale</string>
<string name="privacy_policy">Politique de confidentialité</string>





<string name="save">Sauver</string>
<string name="search_by_email_address">Recherche par adresse e-mail</string>
<string name="search_by_name_or_email">Recherche par nom ou par courriel</string>
<string name="search_for_users">Rechercher des utilisateurs</string>
<string name="select_group_image">Sélectionner une image de groupe</string>

<string name="select_language">Choisir la langue</string>
<string name="select_languages">sélectionner les langues</string>
<string name="select_organization_image">Sélectionnez l\'image de l\'organisation</string>


<string name="set_group_image_by_tapping_the_icon_above_if_you_dont_want_to_set_an_image_you_can_hit_the_save_button_to_skip_this_step">Définissez l\'image du groupe en tapant sur l\'icône ci-dessus. Si vous ne voulez pas définir une image, vous pouvez appuyer sur le bouton Save pour ignorer cette étape</string>
<string name="set_organization_image_by_tapping_the_icon_above_if_you_dont_want_to_set_an_image_you_can_hit_the_save_button_to_skip_this_step">Définir l\'image de l\'organisation en tapant sur l\'icône ci-dessus. Si vous ne voulez pas définir une image, vous pouvez appuyer sur le bouton Save pour ignorer cette étape</string>

<string name="set_the_language_you_do_not_want_translated_to_your_primary_language">Définissez la langue que vous ne voulez pas traduire dans votre langue principale</string>
<string name="set_the_language_you_will_use_to_send_and_receive_chat_messages">Définissez la langue que vous utiliserez pour envoyer et recevoir des messages de discussion.</string>



<string name="skip">Sauter</string>







<string name="tap_here">Appuyez ici</string>

<string name="terms_of_service">Conditions d\'utilisation</string>


<string name="the_messaging_app_that_translates_into_60_languages_in_real_time">L\'application de messagerie qui traduit en plus de 60 langues en temps réel.</string>


<string name="translated_from">Traduit de l\'anglais</string>
<string name="translated_from_english">Traduit de</string>
<string name="translated_messaging">Messagerie traduite.</string>


<string name="understood_languages">Langues comprises</string>


<string name="we_just_need_a_little_more_info_to_sign_you_up">Nous avons juste besoin d\'un peu plus d\'informations pour vous inscrire.</string>
<string name="welcome_back">Nous saluons le retour</string>

<string name="yes">Oui</string>
<string name="yet__we_just_need_a_little_more_info_to_sign_you_up"></string>

<string name="you_have_been_invited_to_the_group">Vous avez été invité au groupe</string>
<string name="you_have_been_invited_to_the_organization">Vous avez été invité à l\'organisation</string>

<string name="your_email_address">Votre adresse email</string>
<string name="your_password">Votre mot de passe</string>

</resources>