<?xml version="1.0" encoding="utf-8"?>
<resources>
<!-- AUTO-GENERATED -->
<string name="accept">Accepter</string>


<string name="am">Formiddag</string>

<string name="are_you_sure_you_want_to_delete_this_group">Er du sikker pÂ, at du vil slette denne gruppe?</string>
<string name="are_you_sure_you_want_to_invite">Er du sikker på, at du vil invitere</string>
<string name="are_you_sure_you_want_to_leave_this_group">Er du sikker på, at du vil forlade denne gruppe?</string>
<string name="are_you_sure_you_want_to_sign_out">Er du sikker på, at du vil logge af?</string>

<string name="be_the_first_person_to_send_a_message_to_this_group">VÊr den f¯rste person til at sende en besked til denne gruppe</string>


<string name="cancel">Annullere</string>





<string name="confirm_invitation">Bekræft invitation</string>
<string name="confirm_password">Bekræft adgangskode</string>

<string name="contact_globechat">Kontakt GlobeChat</string>

<string name="create_account">Opret konto</string>
<string name="create_group">Opret gruppe</string>
<string name="create_new">Opret en ny</string>
<string name="create_new_group">Opret ny gruppe</string>
<string name="create_new_personal_organization_group">Opret en ny personlig organisation gruppe</string>
<string name="create_organization">Opret organisation</string>




<string name="title_dashboard">Dashboard</string>
<string name="decline">Afvis</string>
<string name="delete">Slette</string>
<string name="delete_group">Skrap groep</string>
<string name="do_you_want_to_accept">Vil du acceptere?</string>


<string name="enter_a_name_for_your_new_group">Indtast et navn til den nye gruppe</string>
<string name="enter_a_name_for_your_new_organization">Indtast et navn til din nye organisation</string>
<string name="enter_the_email_you_signed_up_with_or_the_email_address_you_want_to_sign_up_with">Indtast den e-mail, du har tilmeldt dig, eller den e-mail, du vil tilmelde dig med</string>
<string name="enter_your_password_to_sign_in_to_globechat__if_this_is_not_you_or_you_want_to_sign_in_as_a_different_user">Indtast din adgangskode for at logge pÂ.  Hvis det ikke er dig, eller du vil logge pÂ som en anden bruger, skal du trykke her</string>
<string name="enter_your_password_to_sign_in_to_globechat__if_this_is_not_you_or_you_want_to_sign_in_as_a_different_user_tap_here">Indtast din adgangskode for at logge pÂ.  Hvis det ikke er dig, eller du vil logge pÂ som en anden bruger</string>





<string name="filter_members">Filtrere medlemmer</string>

<string name="first_name">Fornavn</string>


<string name="get_started">Kom igang</string>
<string name="app_name"></string>
<string name="globechat_users">GlobeChat-brugere</string>
<string name="great_no_one_has_signed_up_with">Store! Ingen har tilmeldt sig</string>

<string name="group">Gruppe</string>
<string name="group_members">Gruppemedlemmer </string>
<string name="group_name">Gruppenavn</string>




<string name="title_home">Hjem</string>


<string name="if_this_is_not_you_or_you_want_to_sign_in_as_a_different_user_tap_here">Hvis dette ikke er dig, eller du vil logge ind som en anden bruger, skal du trykke her</string>


<string name="in_personal_organization">I personlig organisation</string>

<string name="invalid_password">IForkert kodeord</string>
<string name="invalid_username_password">Ugyldigt brugernavn / kodeord</string>
<string name="invite_by_email">Inviter via e-mail</string>
<string name="invite_members">Inviter medlemmer</string>
<string name="invited_you_to_the_group">iinviterede dig til gruppen</string>
<string name="invited_you_to_the_organization">inviteret dig til organisationen</string>


<string name="join_globechat">Deltag GlobeChat</string>


<string name="last_name">Efternavn</string>

<string name="leave">Forlade</string>
<string name="leave_group">Forlad gruppe</string>


<string name="lobby">Lobbyen</string>
<string name="location">Beliggenhed</string>
<string name="log_in_to_globechat">Log ind pÂ GlobeChat</string>
<string name="log_in_to_globechat_">Log ind pÂ GlobeChat</string>
<string name="login_failed">Login mislykkedes</string>
<string name="logout">Log ud</string>



<string name="manage_group">Administrer gruppe</string>
<string name="manage_organization">Administrer organisation</string>
<string name="members_in_">Medlemmer i</string>
<string name="members_in_group">Medlemmer i Gruppe</string>
<string name="members_in_organization">Medlemmer i organisation</string>
<string name="name">Navn</string>
<string name="no">Nej</string>
<string name="no_pending_invitations">Ingen afventende invitationer</string>
<string name="no_posts_yet">Ingen indlÊg endnu</string>
<string name="no_results">Ingen resultater</string>
<string name="none">Ingen</string>

<string name="title_notifications">Meddelelser</string>


<string name="organization">organisation</string>
<string name="organization_members">Organisationsmedlemmer</string>
<string name="organization_name">Organisationens navn</string>

<string name="owner">Ejer</string>


<string name="pending_group_invitations">Afventende gruppeinvitationer</string>
<string name="pending_organization_invitations">Afventende organisationsinvitationer</string>


<string name="please_enter_a_password_that_is_at_least_8_characters_in_length">Indtast venligst et kodeord pÂ mindst 8 tegn</string>



<string name="pm">Eftermiddag</string>


<string name="primary_language">PrimÊre sprog</string>
<string name="privacy_policy">Persondatapolitik</string>





<string name="save">Gem</string>
<string name="search_by_email_address">Søg via e-mailadresse</string>
<string name="search_by_name_or_email">S¯g efter navn eller e-mail</string>
<string name="search_for_users">S¯g efter brugere</string>
<string name="select_group_image">VÊlg gruppebillede</string>

<string name="select_language">VÊlg sprog</string>
<string name="select_languages">VÊlg sprog</string>
<string name="select_organization_image">VÊlg organisationsbillede</string>


<string name="set_group_image_by_tapping_the_icon_above_if_you_dont_want_to_set_an_image_you_can_hit_the_save_button_to_skip_this_step">Indstil gruppebillede ved at trykke pÂ ikonet ovenfor. Hvis du ikke ¯nsker at indstille et billede, kan du trykke pÂ knappen Gem for at springe dette trin over</string>
<string name="set_organization_image_by_tapping_the_icon_above_if_you_dont_want_to_set_an_image_you_can_hit_the_save_button_to_skip_this_step">Indstil organisationsbillede ved at trykke pÂ ikonet ovenfor. Hvis du ikke ¯nsker at indstille et billede, kan du trykke pÂ knappen Gem for at springe dette trin over</string>

<string name="set_the_language_you_do_not_want_translated_to_your_primary_language">Indstil det sprog, du ikke ¯nsker oversat til dit primÊre sprog</string>
<string name="set_the_language_you_will_use_to_send_and_receive_chat_messages">Indstil det sprog, du vil bruge til at sende og modtage chatbeskeder</string>



<string name="skip">Spring over</string>







<string name="tap_here">skal du trykke her</string>

<string name="terms_of_service">ServicevilkÂr</string>


<string name="the_messaging_app_that_translates_into_60_languages_in_real_time">Messaging-appen, der oversÊtter til 60 + sprog i realtid</string>


<string name="translated_from">Oversat fra</string>
<string name="translated_from_english">Oversat fra engelsk</string>
<string name="translated_messaging">Oversat messaging</string>


<string name="understood_languages">ForstÂet sprog</string>


<string name="we_just_need_a_little_more_info_to_sign_you_up">Vi har brug for lidt mere information for at tilmelde dig</string>
<string name="welcome_back">Velkommen tilbage</string>

<string name="yes">Ja</string>
<string name="yet__we_just_need_a_little_more_info_to_sign_you_up"></string>

<string name="you_have_been_invited_to_the_group">Du er blevet inviteret til gruppen</string>
<string name="you_have_been_invited_to_the_organization">Du er blevet inviteret til organisationen</string>

<string name="your_email_address">Din e-mailadresse</string>
<string name="your_password">Dit kodeord</string>

</resources>