<?xml version="1.0" encoding="utf-8"?>
<resources>
<!-- AUTO-GENERATED -->
<string name="accept">Elfogad</string>


<string name="am">órakor</string>

<string name="are_you_sure_you_want_to_delete_this_group">Biztosan törölni szeretné ezt a csoportot?</string>
<string name="are_you_sure_you_want_to_invite">Biztosan meghívja</string>
<string name="are_you_sure_you_want_to_leave_this_group">Biztosan elhagyja ezt a csoportot?</string>
<string name="are_you_sure_you_want_to_sign_out">Biztosan kijelentkezik?</string>

<string name="be_the_first_person_to_send_a_message_to_this_group">Legyen az első, aki üzenetet küld ebbe a csoportba.</string>


<string name="cancel">Mégse gombra</string>





<string name="confirm_invitation">Felkérés jóváhagyása</string>
<string name="confirm_password">Jelszó megerősítése</string>

<string name="contact_globechat">Kapcsolat GlobeChat</string>

<string name="create_account">Fiók létrehozása</string>
<string name="create_group">Csoport létrehozása</string>
<string name="create_new">Újat készíteni</string>
<string name="create_new_group">Hozzon létre új csoportot</string>
<string name="create_new_personal_organization_group">Hozzon létre új személyes szervezetcsoportot</string>
<string name="create_organization">Szervezet létrehozása</string>




<string name="title_dashboard">Műszerfal</string>
<string name="decline">Hanyatlás</string>
<string name="delete">Töröl</string>
<string name="delete_group">Csoport törlése</string>
<string name="do_you_want_to_accept">Szeretné elfogadni?</string>


<string name="enter_a_name_for_your_new_group">Írja be az új csoport nevét</string>
<string name="enter_a_name_for_your_new_organization">Írja be az új szervezet nevét</string>
<string name="enter_the_email_you_signed_up_with_or_the_email_address_you_want_to_sign_up_with">Adja meg a regisztrált e-mail címet, vagy a feliratkozni kívánt e-mail címet.</string>
<string name="enter_your_password_to_sign_in_to_globechat__if_this_is_not_you_or_you_want_to_sign_in_as_a_different_user">Írja be a jelszót a bejelentkezéshez.  Ha nem vagy más felhasználóként szeretne bejelentkezni.</string>
<string name="enter_your_password_to_sign_in_to_globechat__if_this_is_not_you_or_you_want_to_sign_in_as_a_different_user_tap_here">Írja be a jelszót a bejelentkezéshez.  Ha nem vagy más felhasználóként szeretne bejelentkezni, koppintson ide.</string>





<string name="filter_members">A szűrőben szereplő tagok</string>

<string name="first_name">Keresztnév</string>


<string name="get_started">Fogj neki</string>
<string name="app_name"></string>
<string name="globechat_users">GlobeChat felhasználók</string>
<string name="great_no_one_has_signed_up_with">Nagy! Senki nem jelentkezett be</string>

<string name="group">Csoport</string>
<string name="group_members">Csoporttagok</string>
<string name="group_name">Csoport neve</string>




<string name="title_home">Otthon</string>


<string name="if_this_is_not_you_or_you_want_to_sign_in_as_a_different_user_tap_here">Ha nem vagy, vagy másik felhasználóként szeretne bejelentkezni, érintse meg itt.</string>


<string name="in_personal_organization">A személyes szervezetben</string>

<string name="invalid_password">Érvénytelen jelszó</string>
<string name="invalid_username_password">Érvénytelen felhasználónév / jelszó</string>
<string name="invite_by_email">Meghívás e-mailben</string>
<string name="invite_members">Tagok megHívása</string>
<string name="invited_you_to_the_group">meghívott a csoportba</string>
<string name="invited_you_to_the_organization">meghívott, hogy a szervezet</string>


<string name="join_globechat">Csatlakozz GlobeChat!</string>


<string name="last_name">Vezetéknév</string>

<string name="leave">Szabadság</string>
<string name="leave_group">Csoport Elhagyat.</string>


<string name="lobby">Lobby</string>
<string name="location">Elhelyezkedés</string>
<string name="log_in_to_globechat">Jelentkezzen be a GlobeChat-be!</string>
<string name="log_in_to_globechat_">Jelentkezzen be a GlobeChat-be!</string>
<string name="login_failed">Belépés megbukik</string>
<string name="logout">Kijelentkezés</string>



<string name="manage_group">Csoport kezelése</string>
<string name="manage_organization">Tagok a csoportban</string>
<string name="members_in_">Tagok itt</string>
<string name="members_in_group">Manage Organization = "Szervezet kezelése";</string>
<string name="members_in_organization">Szervezeten belüli tagok</string>
<string name="name">Név</string>
<string name="no">nem</string>
<string name="no_pending_invitations">Nincsenek függőben lévő meghívók</string>
<string name="no_posts_yet">Még nincs bejegyzés.</string>
<string name="no_results">Nincs eredmény</string>
<string name="none">Egyik sem</string>

<string name="title_notifications">Értesítések</string>


<string name="organization">Szervezet</string>
<string name="organization_members">Szervezet tagjai</string>
<string name="organization_name">Szervezet neve</string>

<string name="owner">Tulajdonos</string>


<string name="pending_group_invitations">Függő csoportos meghívás</string>
<string name="pending_organization_invitations">Függőben lévő Szervezeti meghívók</string>


<string name="please_enter_a_password_that_is_at_least_8_characters_in_length">Adjon meg legalább 8 karakter hosszúságú jelszót.</string>



<string name="pm">órától</string>


<string name="primary_language">Elsődleges nyelve</string>
<string name="privacy_policy">Adatvédelem</string>





<string name="save">Menteni</string>
<string name="search_by_email_address">Keresés e-mail cím szerint</string>
<string name="search_by_name_or_email">Név vagy e-mail keresés</string>
<string name="search_for_users">Felhasználók keresése</string>
<string name="select_group_image">Válassza ki a csoport képe</string>

<string name="select_language">Válasszon nyelvet</string>
<string name="select_languages">Válasszon nyelvet</string>
<string name="select_organization_image">Válassza ki a szervezeti képet</string>


<string name="set_group_image_by_tapping_the_icon_above_if_you_dont_want_to_set_an_image_you_can_hit_the_save_button_to_skip_this_step">Készlet csoport kép mellett menetvágó a ikon fenti. Ha nem szeretne beállítani egy képet, akkor nyomja meg a Save gombra, hogy kihagyja ezt a lépést</string>
<string name="set_organization_image_by_tapping_the_icon_above_if_you_dont_want_to_set_an_image_you_can_hit_the_save_button_to_skip_this_step">Készlet szervezet kép mellett menetvágó a ikon fenti. Ha nem szeretne beállítani egy képet, akkor nyomja meg a Save gombra, hogy kihagyja ezt a lépést</string>

<string name="set_the_language_you_do_not_want_translated_to_your_primary_language">Állítsa be azt a nyelvet, amelyet nem szeretne az elsődleges nyelvre fordítani.</string>
<string name="set_the_language_you_will_use_to_send_and_receive_chat_messages">Állítsa be a csevegési üzenetek küldéséhez és fogadásához használt nyelvet.</string>



<string name="skip">Skip</string>







<string name="tap_here">érintsd meg itt</string>

<string name="terms_of_service">Szolgáltatási feltételek</string>


<string name="the_messaging_app_that_translates_into_60_languages_in_real_time">Az üzenetküldő alkalmazás, amely valós időben 60+ nyelven fordul elő.</string>


<string name="translated_from">Fordított angolul</string>
<string name="translated_from_english">Fordította</string>
<string name="translated_messaging">Fordított üzenetküldés.</string>


<string name="understood_languages">Megértett nyelvek</string>


<string name="we_just_need_a_little_more_info_to_sign_you_up">Csak egy kis információra van szükségünk, hogy feliratkozzunk.</string>
<string name="welcome_back">Üdv újra</string>

<string name="yes">igen</string>
<string name="yet__we_just_need_a_little_more_info_to_sign_you_up"></string>

<string name="you_have_been_invited_to_the_group">Meghívást kaptak a csoport</string>
<string name="you_have_been_invited_to_the_organization">Meghívták a szervezetet</string>

<string name="your_email_address">az email címed</string>
<string name="your_password">A jelszavad</string>

</resources>