<?xml version="1.0" encoding="utf-8"?>
<resources>
<!-- AUTO-GENERATED -->
<string name="accept">承認</string>


<string name="am">午前</string>

<string name="are_you_sure_you_want_to_delete_this_group">このグループを削除しますか？</string>
<string name="are_you_sure_you_want_to_invite">招待してもよろしいですか</string>
<string name="are_you_sure_you_want_to_leave_this_group">このグループを終了しますか?</string>
<string name="are_you_sure_you_want_to_sign_out">サインアウトしますか?</string>

<string name="be_the_first_person_to_send_a_message_to_this_group">グループにメッセージを送ってみましょう。</string>


<string name="cancel">Cancel = "キャンセル";</string>





<string name="confirm_invitation">招待の確認</string>
<string name="confirm_password">パスワードの確認</string>

<string name="contact_globechat">お問い合わせ GlobeChat</string>

<string name="create_account">アカウントを作る</string>
<string name="create_group">グループを作成する</string>
<string name="create_new">新しく作成</string>
<string name="create_new_group">新しいグループを作る。</string>
<string name="create_new_personal_organization_group">新しい個人のグループを作成する。</string>
<string name="create_organization">組織の作成</string>




<string name="title_dashboard">ダッシュ ボード</string>
<string name="decline">拒否</string>
<string name="delete">削除</string>
<string name="delete_group">グループを削除する</string>
<string name="do_you_want_to_accept">承認しますか？</string>


<string name="enter_a_name_for_your_new_group">新しいグループ名を入力する。</string>
<string name="enter_a_name_for_your_new_organization">新しい組織の名前を入力する。</string>
<string name="enter_the_email_you_signed_up_with_or_the_email_address_you_want_to_sign_up_with">サインアップしたメールアドレス又は使用したいメールアドレスを入力してください。</string>
<string name="enter_your_password_to_sign_in_to_globechat__if_this_is_not_you_or_you_want_to_sign_in_as_a_different_user">パスワードを入力してサインインします。 このアカウントが自分ではない場合、または別のユーザーとしてサインインしたい場合は、こちらをタップしてください。</string>
<string name="enter_your_password_to_sign_in_to_globechat__if_this_is_not_you_or_you_want_to_sign_in_as_a_different_user_tap_here">パスワードを入力してサインインします。 これが自分でない場合、または別のユーザーとしてサインインしたい場合は、こちらをクリックしてください。</string>





<string name="filter_members">フィルターメンバー</string>

<string name="first_name">名</string>


<string name="get_started">始める</string>
<string name="app_name"></string>
<string name="globechat_users">GlobeChatのユーザー</string>
<string name="great_no_one_has_signed_up_with">でまだ誰もサインアップしていません。</string>

<string name="group">グループ</string>
<string name="group_members">グループメンバー</string>
<string name="group_name">グループ名</string>




<string name="title_home">ホーム</string>


<string name="if_this_is_not_you_or_you_want_to_sign_in_as_a_different_user_tap_here">他のユーザーとしてサインインしたい場合は、こちらをクリックしてください。</string>


<string name="in_personal_organization">個人のグループ</string>

<string name="invalid_password">無効なパスワード</string>
<string name="invalid_username_password">無効なユーザーネーム/パスワード</string>
<string name="invite_by_email">電子メールで招待</string>
<string name="invite_members">メンバーの招待</string>
<string name="invited_you_to_the_group">があなたをグループに招待しました</string>
<string name="invited_you_to_the_organization">組織への招待</string>


<string name="join_globechat">GlobeChatに参加</string>


<string name="last_name">姓</string>

<string name="leave">退出</string>
<string name="leave_group">グループの脱退</string>


<string name="lobby">ロビー</string>
<string name="location">住所</string>
<string name="log_in_to_globechat">GlobeChatにログインする</string>
<string name="log_in_to_globechat_">GlobeChatにログインする</string>
<string name="login_failed">ログインできませんでした</string>
<string name="logout">ログアウト</string>



<string name="manage_group">グループの管理</string>
<string name="manage_organization">組織の管理</string>
<string name="members_in_">のメンバー</string>
<string name="members_in_group">グループ内のメンバー</string>
<string name="members_in_organization">組織内のメンバー</string>
<string name="name">名前</string>
<string name="no">いいえ</string>
<string name="no_pending_invitations">未完了の招待はありません</string>
<string name="no_posts_yet">メッセージはありません</string>
<string name="no_results">検索結果なし</string>
<string name="none">なし</string>

<string name="title_notifications">通知</string>


<string name="organization">組織</string>
<string name="organization_members">組織のメンバー</string>
<string name="organization_name">組織の名前</string>

<string name="owner">オーナー</string>


<string name="pending_group_invitations">保留中のグループの招待</string>
<string name="pending_organization_invitations">未完了のグループへの招待</string>


<string name="please_enter_a_password_that_is_at_least_8_characters_in_length">8文字以上のパスワードを入力してください。</string>



<string name="pm">午後</string>


<string name="primary_language">母国語</string>
<string name="privacy_policy">プライバシーポリシー</string>





<string name="save">保存</string>
<string name="search_by_email_address">メールアドレスで検索</string>
<string name="search_by_name_or_email">名前またはメールアドレスから検索する</string>
<string name="search_for_users">ユーザーを検索する</string>
<string name="select_group_image">グループのイメージ画像を選択する</string>

<string name="select_language">言語を選択する</string>
<string name="select_languages">言語を選択</string>
<string name="select_organization_image">組織のイメージ画像を選択する</string>


<string name="set_group_image_by_tapping_the_icon_above_if_you_dont_want_to_set_an_image_you_can_hit_the_save_button_to_skip_this_step">上のアイコンをタップしてグループのイメージを設定します。イメージを設定したくない場合は、[保存] ボタンを押すと、この手順をスキップできます。</string>
<string name="set_organization_image_by_tapping_the_icon_above_if_you_dont_want_to_set_an_image_you_can_hit_the_save_button_to_skip_this_step">上のアイコンをタップして組織図を設定します。イメージを設定したくない場合は、[保存] ボタンを押すと、この手順をスキップできます。</string>

<string name="set_the_language_you_do_not_want_translated_to_your_primary_language">母国語に翻訳してほしくない言語を選択してください。</string>
<string name="set_the_language_you_will_use_to_send_and_receive_chat_messages">チャットに使う言語を選択してください。</string>



<string name="skip">スキップ</string>







<string name="tap_here">こちらをタップしてください</string>

<string name="terms_of_service">サービスの利用規約</string>


<string name="the_messaging_app_that_translates_into_60_languages_in_real_time">60以上の言語を瞬時に翻訳できるアプリ。</string>


<string name="translated_from">英語から翻訳されました。</string>
<string name="translated_from_english">から翻訳されました。</string>
<string name="translated_messaging">翻訳されたメッセージ</string>


<string name="understood_languages">理解可能な言語</string>


<string name="we_just_need_a_little_more_info_to_sign_you_up">サインアップにはあと少し情報を入力してください。</string>
<string name="welcome_back">ようこそ</string>

<string name="yes">はい</string>
<string name="yet__we_just_need_a_little_more_info_to_sign_you_up"></string>

<string name="you_have_been_invited_to_the_group">グループに招待されました</string>
<string name="you_have_been_invited_to_the_organization">グループに招待されています</string>

<string name="your_email_address">メールアドレス</string>
<string name="your_password">パスワード</string>

</resources>