<?xml version="1.0" encoding="utf-8"?>
<resources>
<!-- AUTO-GENERATED -->
<string name="accept">स्वीकार करना</string>


<string name="am">सुबह"</string>

<string name="are_you_sure_you_want_to_delete_this_group">क्या आप निश्चयपूर्वक इस समूह को हटाना चाहते हैं?</string>
<string name="are_you_sure_you_want_to_invite">क्या आप वाकई आमंत्रित करना चाहते है</string>
<string name="are_you_sure_you_want_to_leave_this_group">क्या आप निश्चयपूर्वक इस समूह को छोड़ना चाहते हैं?</string>
<string name="are_you_sure_you_want_to_sign_out">क्या आप निश्चयपूर्वक साइन आउट करना चाहते हैं?</string>

<string name="be_the_first_person_to_send_a_message_to_this_group">इस समूह को संदेश भेजने वाला पहला व्यक्ति बनें।</string>


<string name="cancel">रद्द</string>





<string name="confirm_invitation">आमंत्रण की पुष्टि करें</string>
<string name="confirm_password">पासवर्ड कीपुष्टि करें</string>

<string name="contact_globechat">संपर्क GlobeChat</string>

<string name="create_account">खाता बनाएं</string>
<string name="create_group">समूह बनाएं</string>
<string name="create_new">नया बनाएं</string>
<string name="create_new_group">नया समूह बनाएं</string>
<string name="create_new_personal_organization_group">नया व्यक्तिगत संगठन समूह बनाएं"</string>
<string name="create_organization">संगठन बनाएं</string>




<string name="title_dashboard">डैशबोर्ड</string>
<string name="decline">पतन</string>
<string name="delete">हटाएँ</string>
<string name="delete_group">समूह हटाएं</string>
<string name="do_you_want_to_accept">क्या आप स्वीकार करना चाहते हैं?</string>


<string name="enter_a_name_for_your_new_group">अपने नए समूह के लिए कोई नाम दर्ज करें</string>
<string name="enter_a_name_for_your_new_organization">अपने नए संगठन के लिए एक नाम दर्ज करें</string>
<string name="enter_the_email_you_signed_up_with_or_the_email_address_you_want_to_sign_up_with">जिस ईमेल के साथ आपने साइन अप किया है, उस ईमेल पते को दर्ज करें जिसे आप साइन अप करना चाहते हैं।</string>
<string name="enter_your_password_to_sign_in_to_globechat__if_this_is_not_you_or_you_want_to_sign_in_as_a_different_user">साइन इन करने के लिए अपना पासवर्ड दर्ज करें ।  यदि यह आप नहीं है या आप किसी भिंन उपयोगकर्ता के रूप में साइन इन करना चाहते हैं</string>
<string name="enter_your_password_to_sign_in_to_globechat__if_this_is_not_you_or_you_want_to_sign_in_as_a_different_user_tap_here">साइन इन करने के लिए अपना पासवर्ड दर्ज करें ।  यदि यह आप नहीं है या आप किसी भिंन उपयोगकर्ता के रूप में साइन इन करना चाहते हैं, तो यहां टैप करें ।</string>





<string name="filter_members">फ़िल्टर सदस्य</string>

<string name="first_name">पहला नाम</string>


<string name="get_started">शुरू हो जाओ</string>
<string name="app_name"></string>
<string name="globechat_users">GlobeChat उपयोगकर्ता</string>
<string name="great_no_one_has_signed_up_with">शानदार! किसी ने भी साथ साइन नहीं किया है</string>

<string name="group">समूह</string>
<string name="group_members">समूह के सदस्यों</string>
<string name="group_name">Group Name = "समूह का नाम";</string>




<string name="title_home">घर</string>


<string name="if_this_is_not_you_or_you_want_to_sign_in_as_a_different_user_tap_here">If this is not you or you want to sign in as a different user, tap here. = "यदि यह आप नहीं हैं या आप किसी भिन्न उपयोगकर्ता के रूप में साइन इन करना चाहते हैं, तो यहां टैप करें।";</string>


<string name="in_personal_organization">In personal organization = "व्यक्तिगत संगठन में";</string>

<string name="invalid_password">Invalid password = "अवैध पासवर्ड";</string>
<string name="invalid_username_password">Invalid username/ password = "अमान्य उपयोगकर्ता नाम / पासवर्ड";</string>
<string name="invite_by_email">ईमेल द्वारा आमंत्रित करें</string>
<string name="invite_members">सदस्यों कोआमंत्रित करें</string>
<string name="invited_you_to_the_group">invited you to the group = "आपको समूह में आमंत्रित किया";</string>
<string name="invited_you_to_the_organization">आपको संगठन के लिए आमंत्रित किया</string>


<string name="join_globechat">Join GlobeChat! = "वीस GlobeChat!";</string>


<string name="last_name">Last name = "अंतिम नाम";</string>

<string name="leave">Leave = "छोड़ना";</string>
<string name="leave_group">छुट्टी समूह</string>


<string name="lobby">Lobby = "लॉबी";</string>
<string name="location">Location = "स्थान";</string>
<string name="log_in_to_globechat">Log in to GlobeChat! = "GlobeChat में लॉग इन करें!";</string>
<string name="log_in_to_globechat_">Log in to GlobeChat! = "GlobeChat में लॉग इन करें!";</string>
<string name="login_failed">Login failed = "लॉगिन विफल";</string>
<string name="logout">Logout = "लोग आउट";</string>



<string name="manage_group">Manage Group = "समूह प्रबंधित करें";</string>
<string name="manage_organization">Manage Organization = "संगठन प्रबंधित करें";</string>
<string name="members_in_">में सदस्यों</string>
<string name="members_in_group">Members in Group = "समूह में सदस्य";</string>
<string name="members_in_organization">Members in Organization = "संगठन में सदस्य";</string>
<string name="name">Name = "नाम";</string>
<string name="no">No = "नहीं";</string>
<string name="no_pending_invitations">No pending invitations = "कोई लंबित निमंत्रण नहीं";</string>
<string name="no_posts_yet">No posts yet. = "अब तक कोई पोस्ट नहीं।";</string>
<string name="no_results">No results = "कोई परिणाम नहीं";</string>
<string name="none">None = "कोई नहीं";</string>

<string name="title_notifications">सूचनाएँ</string>


<string name="organization">Organization = "संगठन";</string>
<string name="organization_members">Organization Members = "संगठन के सदस्यों";</string>
<string name="organization_name">Organization Name = "संस्था का नाम";</string>

<string name="owner">Owner = "मालिक";</string>


<string name="pending_group_invitations">Pending Group Invitations = "लंबित समूह आमंत्रण";</string>
<string name="pending_organization_invitations">Pending Organization Invitations = "लंबित संगठन निमंत्रण";</string>


<string name="please_enter_a_password_that_is_at_least_8_characters_in_length">Please enter a password that is at least 8 characters in length. = "कृपया एक पासवर्ड दर्ज करें जो लंबाई में कम से कम 8 अक्षर है।";</string>



<string name="pm">PM = "अपराह्न";</string>


<string name="primary_language">Primary Language = "प्राथमिक भाषा";</string>
<string name="privacy_policy">Privacy Policy = "गोपनीयता नीति";</string>





<string name="save">Save = "सहेजें";</string>
<string name="search_by_email_address">Search by email address = "ईमेल पते के आधार पर खोजें";</string>
<string name="search_by_name_or_email">Search by name or email = "नाम या ईमेल के आधार पर खोजें";</string>
<string name="search_for_users">Search for users = "उपयोगकर्ताओं के लिए खोज";</string>
<string name="select_group_image">Select Group Image = "समूह छवि का चयन करें";</string>

<string name="select_language">Select language = "भाषा चुनिए";</string>
<string name="select_languages">Select Languages = "भाषाओं का चयन करें";</string>
<string name="select_organization_image">Select organization image = "Eसंगठन छवि का चयन करें";</string>


<string name="set_group_image_by_tapping_the_icon_above_if_you_dont_want_to_set_an_image_you_can_hit_the_save_button_to_skip_this_step">Set group image by tapping the icon above. If you don‚Äôt want to set an image, you can hit the save button to skip this step = "ऊपर आइकन दोहन द्वारा समूह छवि सेट करें । आप एक छवि सेट नहीं करना चाहते हैं, तो आप इस कदम को छोड़ करने के लिए सहेजें बटन हिट कर सकते हैं";</string>
<string name="set_organization_image_by_tapping_the_icon_above_if_you_dont_want_to_set_an_image_you_can_hit_the_save_button_to_skip_this_step">Set organization image by tapping the icon above. If you don‚Äôt want to set an image, you can hit the save button to skip this step = "ऊपर आइकन दोहन द्वारा संगठन छवि सेट करें । आप एक छवि सेट नहीं करना चाहते हैं, तो आप इस कदम को छोड़ करने के लिए सहेजें बटन हिट कर सकते हैं";</string>

<string name="set_the_language_you_do_not_want_translated_to_your_primary_language">Set the language you do not want translated to your primary language. = "उस भाषा को सेट करें जिसका उपयोग आप चैट संदेशों को भेजने और प्राप्त करने के लिए करेंगे।";</string>
<string name="set_the_language_you_will_use_to_send_and_receive_chat_messages">Set the language you will use to send and receive chat messages. = "उस भाषा को सेट करें जिसका उपयोग आप चैट संदेशों को भेजने और प्राप्त करने के लिए करेंगे।";</string>



<string name="skip">Skip = "छोड़ें";</string>







<string name="tap_here">tap here = "यहां टैप करें";</string>

<string name="terms_of_service">Terms of Service = "सेवा की शर्तें";</string>


<string name="the_messaging_app_that_translates_into_60_languages_in_real_time">The messaging app that translates into 60+ languages in real time. = "मैसेजिंग ऐप जो वास्तविक समय में 60+ भाषाओं में अनुवाद करता है।";</string>


<string name="translated_from">Translated from English = "अंग्रेजी से अनुवादित";</string>
<string name="translated_from_english">Translated from = "से अनुवादित";</string>
<string name="translated_messaging">Translated messaging. = "अनुवादित संदेश।";</string>


<string name="understood_languages">Understood Languages = "समझा भाषाएं";</string>


<string name="we_just_need_a_little_more_info_to_sign_you_up">We just need a little more info to sign you up. = "आपको साइन अप करने के लिए हमें बस थोड़ी अधिक जानकारी चाहिए।";</string>
<string name="welcome_back">Welcome back = "वापसी पर स्वागत है";</string>

<string name="yes">Yes = "हाँ";</string>
<string name="yet__we_just_need_a_little_more_info_to_sign_you_up"></string>

<string name="you_have_been_invited_to_the_group">आपको समूह में आमंत्रित किया गया है</string>
<string name="you_have_been_invited_to_the_organization">You have been invited to the organization = "आपको संगठन में आमंत्रित किया गया है";</string>

<string name="your_email_address">Your email address = "आपका ईमेल पता";</string>
<string name="your_password">Your password = "आपका पासवर्ड";</string>

</resources>